schema_version,analysis_class,split_order,split_name,method_order,method,metric_order,metric,removal_order,removal_count,removed_sequence_count,remaining_sequence_count_display,remaining_sequence_count,remaining_component_count_display,remaining_component_count,estimate,ci_lower,ci_upper,reporting_status
1,confirmatory,0,random,0,majority,0,accuracy,0,0,0,66,66,65,65,0.439393939393939,0.318181818181818,0.560606060606061,reportable
1,confirmatory,0,random,0,majority,0,accuracy,1,1,2,64,64,64,64,0.421875,0.296875,0.546875,reportable
1,confirmatory,0,random,0,majority,0,accuracy,2,3,4,62,62,62,62,0.435483870967742,0.306451612903226,0.548387096774194,reportable
1,confirmatory,0,random,0,majority,0,accuracy,3,5,6,60,60,60,60,0.45,0.316666666666667,0.566666666666667,reportable
1,confirmatory,0,random,0,majority,1,balanced_accuracy,0,0,0,66,66,65,65,0.2,0.2,0.2,reportable
1,confirmatory,0,random,0,majority,1,balanced_accuracy,1,1,2,64,64,64,64,0.2,0.2,0.2,reportable
1,confirmatory,0,random,0,majority,1,balanced_accuracy,2,3,4,62,62,62,62,0.2,0.2,0.2,reportable
1,confirmatory,0,random,0,majority,1,balanced_accuracy,3,5,6,60,60,60,60,0.2,0.2,0.2,reportable
1,confirmatory,0,random,0,majority,2,macro_f1,0,0,0,66,66,65,65,0.122105263157895,0.097674418604651,0.144761904761905,reportable
1,confirmatory,0,random,0,majority,2,macro_f1,1,1,2,64,64,64,64,0.118681318681319,0.091566265060241,0.141414141414141,reportable
1,confirmatory,0,random,0,majority,2,macro_f1,2,3,4,62,62,62,62,0.121348314606742,0.097560975609756,0.144329896907217,reportable
1,confirmatory,0,random,0,majority,2,macro_f1,3,5,6,60,60,60,60,0.124137931034483,0.09620253164557,0.147368421052632,reportable
1,confirmatory,0,random,1,length-logistic,0,accuracy,0,0,0,66,66,65,65,0.196969696969697,0.104477611940299,0.292307692307692,reportable
1,confirmatory,0,random,1,length-logistic,0,accuracy,1,1,2,64,64,64,64,0.203125,0.109375,0.3125,reportable
1,confirmatory,0,random,1,length-logistic,0,accuracy,2,3,4,62,62,62,62,0.209677419354839,0.112903225806452,0.32258064516129,reportable
1,confirmatory,0,random,1,length-logistic,0,accuracy,3,5,6,60,60,60,60,0.2,0.1,0.316666666666667,reportable
1,confirmatory,0,random,1,length-logistic,1,balanced_accuracy,0,0,0,66,66,65,65,0.247030651340996,0.167848214285714,0.325,reportable
1,confirmatory,0,random,1,length-logistic,1,balanced_accuracy,1,1,2,64,64,64,64,0.249074074074074,0.174072222222222,0.327422222222222,reportable
1,confirmatory,0,random,1,length-logistic,1,balanced_accuracy,2,3,4,62,62,62,62,0.261772486772487,0.172480158730159,0.359746753246753,reportable
1,confirmatory,0,random,1,length-logistic,1,balanced_accuracy,3,5,6,60,60,60,60,0.237962962962963,0.161902281746032,0.330214806744979,reportable
1,confirmatory,0,random,1,length-logistic,2,macro_f1,0,0,0,66,66,65,65,0.170685579196217,0.078594903548464,0.254215807375582,reportable
1,confirmatory,0,random,1,length-logistic,2,macro_f1,1,1,2,64,64,64,64,0.175947712418301,0.079984126984127,0.258414725138775,reportable
1,confirmatory,0,random,1,length-logistic,2,macro_f1,2,3,4,62,62,62,62,0.192175102599179,0.082908944281525,0.283868516258334,reportable
1,confirmatory,0,random,1,length-logistic,2,macro_f1,3,5,6,60,60,60,60,0.163725490196078,0.072019132653061,0.256370230754467,reportable
1,confirmatory,0,random,2,aac-logistic,0,accuracy,0,0,0,66,66,65,65,0.287878787878788,0.181818181818182,0.4,reportable
1,confirmatory,0,random,2,aac-logistic,0,accuracy,1,1,2,64,64,64,64,0.296875,0.1875,0.421875,reportable
1,confirmatory,0,random,2,aac-logistic,0,accuracy,2,3,4,62,62,62,62,0.274193548387097,0.161290322580645,0.387096774193548,reportable
1,confirmatory,0,random,2,aac-logistic,0,accuracy,3,5,6,60,60,60,60,0.266666666666667,0.166666666666667,0.383333333333333,reportable
1,confirmatory,0,random,2,aac-logistic,1,balanced_accuracy,0,0,0,66,66,65,65,0.262278430381879,0.149202277044569,0.390697286430045,reportable
1,confirmatory,0,random,2,aac-logistic,1,balanced_accuracy,1,1,2,64,64,64,64,0.267897842897843,0.156181118881119,0.398579365079365,reportable
1,confirmatory,0,random,2,aac-logistic,1,balanced_accuracy,2,3,4,62,62,62,62,0.236151811151811,0.122558035714286,0.365849893162393,reportable
1,confirmatory,0,random,2,aac-logistic,1,balanced_accuracy,3,5,6,60,60,60,60,0.213624338624339,0.104993181818182,0.341278020351296,reportable
1,confirmatory,0,random,2,aac-logistic,2,macro_f1,0,0,0,66,66,65,65,0.236355633162356,0.135700010896807,0.33582788045288,reportable
1,confirmatory,0,random,2,aac-logistic,2,macro_f1,1,1,2,64,64,64,64,0.244806888527844,0.141047601018069,0.344559139679935,reportable
1,confirmatory,0,random,2,aac-logistic,2,macro_f1,2,3,4,62,62,62,62,0.217346934294434,0.120151763544333,0.318891096293722,reportable
1,confirmatory,0,random,2,aac-logistic,2,macro_f1,3,5,6,60,60,60,60,0.201294302715487,0.106066452991453,0.294979440832937,reportable
1,confirmatory,0,random,3,kmer3-logistic,0,accuracy,0,0,0,66,66,65,65,0.484848484848485,0.363636363636364,0.608695652173913,reportable
1,confirmatory,0,random,3,kmer3-logistic,0,accuracy,1,1,2,64,64,64,64,0.46875,0.34375,0.59375,reportable
1,confirmatory,0,random,3,kmer3-logistic,0,accuracy,2,3,4,62,62,62,62,0.451612903225806,0.32258064516129,0.580645161290323,reportable
1,confirmatory,0,random,3,kmer3-logistic,0,accuracy,3,5,6,60,60,60,60,0.45,0.316666666666667,0.583333333333333,reportable
1,confirmatory,0,random,3,kmer3-logistic,1,balanced_accuracy,0,0,0,66,66,65,65,0.40966485621658,0.306550355774494,0.525529491341991,reportable
1,confirmatory,0,random,3,kmer3-logistic,1,balanced_accuracy,1,1,2,64,64,64,64,0.405067155067155,0.303058488612836,0.516320693195693,reportable
1,confirmatory,0,random,3,kmer3-logistic,1,balanced_accuracy,2,3,4,62,62,62,62,0.398717948717949,0.288746860813291,0.518423719958203,reportable
1,confirmatory,0,random,3,kmer3-logistic,1,balanced_accuracy,3,5,6,60,60,60,60,0.395238095238095,0.271180555555556,0.515716108966109,reportable
1,confirmatory,0,random,3,kmer3-logistic,2,macro_f1,0,0,0,66,66,65,65,0.357580638379033,0.246420401493931,0.457885141168932,reportable
1,confirmatory,0,random,3,kmer3-logistic,2,macro_f1,1,1,2,64,64,64,64,0.352896508949141,0.242600471313752,0.460498321726583,reportable
1,confirmatory,0,random,3,kmer3-logistic,2,macro_f1,2,3,4,62,62,62,62,0.338725816517578,0.225750097006217,0.452653110397043,reportable
1,confirmatory,0,random,3,kmer3-logistic,2,macro_f1,3,5,6,60,60,60,60,0.333621933621934,0.211659977148754,0.451142837554602,reportable
1,confirmatory,0,random,4,nearest-homolog,0,accuracy,0,0,0,66,66,65,65,0.575757575757576,0.447761194029851,0.692307692307692,reportable
1,confirmatory,0,random,4,nearest-homolog,0,accuracy,1,1,2,64,64,64,64,0.5625,0.4375,0.6875,reportable
1,confirmatory,0,random,4,nearest-homolog,0,accuracy,2,3,4,62,62,62,62,0.580645161290323,0.467741935483871,0.709677419354839,reportable
1,confirmatory,0,random,4,nearest-homolog,0,accuracy,3,5,6,60,60,60,60,0.583333333333333,0.45,0.7,reportable
1,confirmatory,0,random,4,nearest-homolog,1,balanced_accuracy,0,0,0,66,66,65,65,0.365811965811966,0.279987179487179,0.456410256410256,reportable
1,confirmatory,0,random,4,nearest-homolog,1,balanced_accuracy,1,1,2,64,64,64,64,0.365811965811966,0.276919191919192,0.455555555555556,reportable
1,confirmatory,0,random,4,nearest-homolog,1,balanced_accuracy,2,3,4,62,62,62,62,0.391208791208791,0.294515151515152,0.490011904761905,reportable
1,confirmatory,0,random,4,nearest-homolog,1,balanced_accuracy,3,5,6,60,60,60,60,0.383333333333333,0.276904761904762,0.49482995951417,reportable
1,confirmatory,0,random,4,nearest-homolog,2,macro_f1,0,0,0,66,66,65,65,0.369071755118267,0.257899986227358,0.450134309967141,reportable
1,confirmatory,0,random,4,nearest-homolog,2,macro_f1,1,1,2,64,64,64,64,0.365895351261205,0.253690609677679,0.44961141953183,reportable
1,confirmatory,0,random,4,nearest-homolog,2,macro_f1,2,3,4,62,62,62,62,0.391565656565657,0.274598039215686,0.476924621563176,reportable
1,confirmatory,0,random,4,nearest-homolog,2,macro_f1,3,5,6,60,60,60,60,0.387689252916356,0.247598879735608,0.477778260869565,reportable
1,confirmatory,0,random,5,esm2-35m,0,accuracy,0,0,0,66,66,65,65,0.818181818181818,0.723076923076923,0.909090909090909,reportable
1,confirmatory,0,random,5,esm2-35m,0,accuracy,1,1,2,64,64,64,64,0.8125,0.71875,0.90625,reportable
1,confirmatory,0,random,5,esm2-35m,0,accuracy,2,3,4,62,62,62,62,0.806451612903226,0.709677419354839,0.903225806451613,reportable
1,confirmatory,0,random,5,esm2-35m,0,accuracy,3,5,6,60,60,60,60,0.816666666666667,0.7,0.9,reportable
1,confirmatory,0,random,5,esm2-35m,1,balanced_accuracy,0,0,0,66,66,65,65,0.788406803924045,0.657422974835095,0.900711244215554,reportable
1,confirmatory,0,random,5,esm2-35m,1,balanced_accuracy,1,1,2,64,64,64,64,0.786874236874237,0.65801797306636,0.904223822154857,reportable
1,confirmatory,0,random,5,esm2-35m,1,balanced_accuracy,2,3,4,62,62,62,62,0.780525030525031,0.647374236874237,0.894427807486631,reportable
1,confirmatory,0,random,5,esm2-35m,1,balanced_accuracy,3,5,6,60,60,60,60,0.787301587301587,0.643080627705628,0.910902597402597,reportable
1,confirmatory,0,random,5,esm2-35m,2,macro_f1,0,0,0,66,66,65,65,0.797272407441899,0.660115090679825,0.892872129648445,reportable
1,confirmatory,0,random,5,esm2-35m,2,macro_f1,1,1,2,64,64,64,64,0.795546675546676,0.665873716162181,0.89245937167333,reportable
1,confirmatory,0,random,5,esm2-35m,2,macro_f1,2,3,4,62,62,62,62,0.789197469197469,0.650649375815111,0.888974573773791,reportable
1,confirmatory,0,random,5,esm2-35m,2,macro_f1,3,5,6,60,60,60,60,0.799497835497835,0.660655278390989,0.902888290410611,reportable
1,confirmatory,0,random,6,esm2-150m,0,accuracy,0,0,0,66,66,65,65,0.803030303030303,0.707692307692308,0.893939393939394,reportable
1,confirmatory,0,random,6,esm2-150m,0,accuracy,1,1,2,64,64,64,64,0.796875,0.703125,0.890625,reportable
1,confirmatory,0,random,6,esm2-150m,0,accuracy,2,3,4,62,62,62,62,0.806451612903226,0.709677419354839,0.903225806451613,reportable
1,confirmatory,0,random,6,esm2-150m,0,accuracy,3,5,6,60,60,60,60,0.816666666666667,0.716666666666667,0.916666666666667,reportable
1,confirmatory,0,random,6,esm2-150m,1,balanced_accuracy,0,0,0,66,66,65,65,0.779371394888636,0.660711675297882,0.890173220542135,reportable
1,confirmatory,0,random,6,esm2-150m,1,balanced_accuracy,1,1,2,64,64,64,64,0.777838827838828,0.642444595726854,0.89074494949495,reportable
1,confirmatory,0,random,6,esm2-150m,1,balanced_accuracy,2,3,4,62,62,62,62,0.793711843711844,0.668888341543514,0.904897727272727,reportable
1,confirmatory,0,random,6,esm2-150m,1,balanced_accuracy,3,5,6,60,60,60,60,0.799206349206349,0.658785710739565,0.910718864468865,reportable
1,confirmatory,0,random,6,esm2-150m,2,macro_f1,0,0,0,66,66,65,65,0.783650793650794,0.64239943463543,0.877250579107031,reportable
1,confirmatory,0,random,6,esm2-150m,2,macro_f1,1,1,2,64,64,64,64,0.781746031746032,0.640836922124797,0.878340027073361,reportable
1,confirmatory,0,random,6,esm2-150m,2,macro_f1,2,3,4,62,62,62,62,0.796190476190476,0.670054699809703,0.897201969515535,reportable
1,confirmatory,0,random,6,esm2-150m,2,macro_f1,3,5,6,60,60,60,60,0.807262302914477,0.672007109700583,0.906570736040444,reportable
1,confirmatory,1,cluster70,0,majority,0,accuracy,0,0,0,66,66,64,64,0.439393939393939,0.323076923076923,0.560606060606061,reportable
1,confirmatory,1,cluster70,0,majority,0,accuracy,1,1,2,64,64,63,63,0.453125,0.328125,0.584615384615385,reportable
1,confirmatory,1,cluster70,0,majority,0,accuracy,2,3,5,61,61,61,61,0.442622950819672,0.311475409836066,0.573770491803279,reportable
1,confirmatory,1,cluster70,0,majority,0,accuracy,3,5,7,59,59,59,59,0.457627118644068,0.338983050847458,0.593220338983051,reportable
1,confirmatory,1,cluster70,0,majority,1,balanced_accuracy,0,0,0,66,66,64,64,0.2,0.2,0.2,reportable
1,confirmatory,1,cluster70,0,majority,1,balanced_accuracy,1,1,2,64,64,63,63,0.2,0.2,0.2,reportable
1,confirmatory,1,cluster70,0,majority,1,balanced_accuracy,2,3,5,61,61,61,61,0.2,0.2,0.2,reportable
1,confirmatory,1,cluster70,0,majority,1,balanced_accuracy,3,5,7,59,59,59,59,0.2,0.2,0.2,reportable
1,confirmatory,1,cluster70,0,majority,2,macro_f1,0,0,0,66,66,64,64,0.122105263157895,0.096551724137931,0.143396226415094,reportable
1,confirmatory,1,cluster70,0,majority,2,macro_f1,1,1,2,64,64,63,63,0.124731182795699,0.098823529411765,0.146153846153846,reportable
1,confirmatory,1,cluster70,0,majority,2,macro_f1,2,3,5,61,61,61,61,0.122727272727273,0.098765432098765,0.145833333333333,reportable
1,confirmatory,1,cluster70,0,majority,2,macro_f1,3,5,7,59,59,59,59,0.125581395348837,0.10126582278481,0.148936170212766,reportable
1,confirmatory,1,cluster70,1,length-logistic,0,accuracy,0,0,0,66,66,64,64,0.166666666666667,0.075757575757576,0.26865671641791,reportable
1,confirmatory,1,cluster70,1,length-logistic,0,accuracy,1,1,2,64,64,63,63,0.171875,0.079365079365079,0.26984126984127,reportable
1,confirmatory,1,cluster70,1,length-logistic,0,accuracy,2,3,5,61,61,61,61,0.163934426229508,0.081967213114754,0.262295081967213,reportable
1,confirmatory,1,cluster70,1,length-logistic,0,accuracy,3,5,7,59,59,59,59,0.169491525423729,0.084745762711864,0.271186440677966,reportable
1,confirmatory,1,cluster70,1,length-logistic,1,balanced_accuracy,0,0,0,66,66,64,64,0.229332449160035,0.122847097347097,0.34321875,reportable
1,confirmatory,1,cluster70,1,length-logistic,1,balanced_accuracy,1,1,2,64,64,63,63,0.248380068207654,0.128271246297562,0.366678571428571,reportable
1,confirmatory,1,cluster70,1,length-logistic,1,balanced_accuracy,2,3,5,61,61,61,61,0.229843304843305,0.114526315789474,0.36127380952381,reportable
1,confirmatory,1,cluster70,1,length-logistic,1,balanced_accuracy,3,5,7,59,59,59,59,0.23543771043771,0.116666666666667,0.366749925727867,reportable
1,confirmatory,1,cluster70,1,length-logistic,2,macro_f1,0,0,0,66,66,64,64,0.142393162393162,0.067150237707513,0.217750827603769,reportable
1,confirmatory,1,cluster70,1,length-logistic,2,macro_f1,1,1,2,64,64,63,63,0.148022308022308,0.069057514298894,0.223448173218971,reportable
1,confirmatory,1,cluster70,1,length-logistic,2,macro_f1,2,3,5,61,61,61,61,0.141032435150082,0.060500358422939,0.218454918180924,reportable
1,confirmatory,1,cluster70,1,length-logistic,2,macro_f1,3,5,7,59,59,59,59,0.149676793794441,0.065797088027988,0.239480519480519,reportable
1,confirmatory,1,cluster70,2,aac-logistic,0,accuracy,0,0,0,66,66,64,64,0.393939393939394,0.276923076923077,0.514717023172905,reportable
1,confirmatory,1,cluster70,2,aac-logistic,0,accuracy,1,1,2,64,64,63,63,0.375,0.253968253968254,0.492723880597014,reportable
1,confirmatory,1,cluster70,2,aac-logistic,0,accuracy,2,3,5,61,61,61,61,0.344262295081967,0.229508196721311,0.459016393442623,reportable
1,confirmatory,1,cluster70,2,aac-logistic,0,accuracy,3,5,7,59,59,59,59,0.338983050847458,0.220338983050847,0.457627118644068,reportable
1,confirmatory,1,cluster70,2,aac-logistic,1,balanced_accuracy,0,0,0,66,66,64,64,0.359832217590838,0.222068088161838,0.49953663003663,reportable
1,confirmatory,1,cluster70,2,aac-logistic,1,balanced_accuracy,1,1,2,64,64,63,63,0.334435392194013,0.200765878278809,0.481002514367816,reportable
1,confirmatory,1,cluster70,2,aac-logistic,1,balanced_accuracy,2,3,5,61,61,61,61,0.307214082214082,0.180239388062917,0.455063725490196,reportable
1,confirmatory,1,cluster70,2,aac-logistic,1,balanced_accuracy,3,5,7,59,59,59,59,0.303018278018278,0.166786674347158,0.447544642857143,reportable
1,confirmatory,1,cluster70,2,aac-logistic,2,macro_f1,0,0,0,66,66,64,64,0.342666214811283,0.215547803617571,0.454762103454994,reportable
1,confirmatory,1,cluster70,2,aac-logistic,2,macro_f1,1,1,2,64,64,63,63,0.318423790568859,0.198873376623377,0.433562569309922,reportable
1,confirmatory,1,cluster70,2,aac-logistic,2,macro_f1,2,3,5,61,61,61,61,0.293412452700378,0.175891857190834,0.399185365231364,reportable
1,confirmatory,1,cluster70,2,aac-logistic,2,macro_f1,3,5,7,59,59,59,59,0.289473058760984,0.16813953042674,0.398702665755297,reportable
1,confirmatory,1,cluster70,3,kmer3-logistic,0,accuracy,0,0,0,66,66,64,64,0.46969696969697,0.343283582089552,0.588235294117647,reportable
1,confirmatory,1,cluster70,3,kmer3-logistic,0,accuracy,1,1,2,64,64,63,63,0.453125,0.328125,0.578125,reportable
1,confirmatory,1,cluster70,3,kmer3-logistic,0,accuracy,2,3,5,61,61,61,61,0.426229508196721,0.311475409836066,0.541393442622949,reportable
1,confirmatory,1,cluster70,3,kmer3-logistic,0,accuracy,3,5,7,59,59,59,59,0.423728813559322,0.305084745762712,0.542372881355932,reportable
1,confirmatory,1,cluster70,3,kmer3-logistic,1,balanced_accuracy,0,0,0,66,66,64,64,0.413545745442297,0.273692082111437,0.546131297134238,reportable
1,confirmatory,1,cluster70,3,kmer3-logistic,1,balanced_accuracy,1,1,2,64,64,63,63,0.388148920045472,0.243709686147186,0.539359893026884,reportable
1,confirmatory,1,cluster70,3,kmer3-logistic,1,balanced_accuracy,2,3,5,61,61,61,61,0.363481888481889,0.221458812260536,0.516880434782609,reportable
1,confirmatory,1,cluster70,3,kmer3-logistic,1,balanced_accuracy,3,5,7,59,59,59,59,0.353691678691679,0.216172619047619,0.517020986895987,reportable
1,confirmatory,1,cluster70,3,kmer3-logistic,2,macro_f1,0,0,0,66,66,64,64,0.417608225108225,0.265876012813266,0.541259500745156,reportable
1,confirmatory,1,cluster70,3,kmer3-logistic,2,macro_f1,1,1,2,64,64,63,63,0.392958365164248,0.242270462233577,0.519474025974026,reportable
1,confirmatory,1,cluster70,3,kmer3-logistic,2,macro_f1,2,3,5,61,61,61,61,0.36987012987013,0.224024197145406,0.495458797074201,reportable
1,confirmatory,1,cluster70,3,kmer3-logistic,2,macro_f1,3,5,7,59,59,59,59,0.358979626776237,0.211502578891908,0.486416977902272,reportable
1,confirmatory,1,cluster70,4,nearest-homolog,0,accuracy,0,0,0,66,66,64,64,0.606060606060606,0.484375,0.71875,reportable
1,confirmatory,1,cluster70,4,nearest-homolog,0,accuracy,1,1,2,64,64,63,63,0.59375,0.476923076923077,0.714285714285714,reportable
1,confirmatory,1,cluster70,4,nearest-homolog,0,accuracy,2,3,5,61,61,61,61,0.573770491803279,0.442622950819672,0.704918032786885,reportable
1,confirmatory,1,cluster70,4,nearest-homolog,0,accuracy,3,5,7,59,59,59,59,0.593220338983051,0.474576271186441,0.711864406779661,reportable
1,confirmatory,1,cluster70,4,nearest-homolog,1,balanced_accuracy,0,0,0,66,66,64,64,0.436630036630037,0.323797619047619,0.545464015151515,reportable
1,confirmatory,1,cluster70,4,nearest-homolog,1,balanced_accuracy,1,1,2,64,64,63,63,0.417582417582418,0.3,0.531746031746032,reportable
1,confirmatory,1,cluster70,4,nearest-homolog,1,balanced_accuracy,2,3,5,61,61,61,61,0.403296703296703,0.286347402597403,0.528916666666666,reportable
1,confirmatory,1,cluster70,4,nearest-homolog,1,balanced_accuracy,3,5,7,59,59,59,59,0.411688311688312,0.293329545454545,0.54,reportable
1,confirmatory,1,cluster70,4,nearest-homolog,2,macro_f1,0,0,0,66,66,64,64,0.461984126984127,0.305857195436143,0.573846572256505,reportable
1,confirmatory,1,cluster70,4,nearest-homolog,2,macro_f1,1,1,2,64,64,63,63,0.447438672438672,0.288493481435127,0.562850700280112,reportable
1,confirmatory,1,cluster70,4,nearest-homolog,2,macro_f1,2,3,5,61,61,61,61,0.432222222222222,0.264091760299625,0.558378323383225,reportable
1,confirmatory,1,cluster70,4,nearest-homolog,2,macro_f1,3,5,7,59,59,59,59,0.446398046398046,0.276849238223077,0.563935267089292,reportable
1,confirmatory,1,cluster70,5,esm2-35m,0,accuracy,0,0,0,66,66,64,64,0.772727272727273,0.666666666666667,0.867647058823529,reportable
1,confirmatory,1,cluster70,5,esm2-35m,0,accuracy,1,1,2,64,64,63,63,0.765625,0.656113591269841,0.865855247571664,reportable
1,confirmatory,1,cluster70,5,esm2-35m,0,accuracy,2,3,5,61,61,61,61,0.754098360655738,0.639344262295082,0.852459016393443,reportable
1,confirmatory,1,cluster70,5,esm2-35m,0,accuracy,3,5,7,59,59,59,59,0.76271186440678,0.661016949152542,0.864406779661017,reportable
1,confirmatory,1,cluster70,5,esm2-35m,1,balanced_accuracy,0,0,0,66,66,64,64,0.72302218853943,0.583691410928253,0.840607473491094,reportable
1,confirmatory,1,cluster70,5,esm2-35m,1,balanced_accuracy,1,1,2,64,64,63,63,0.716672982190224,0.578831721720309,0.841335325964358,reportable
1,confirmatory,1,cluster70,5,esm2-35m,1,balanced_accuracy,2,3,5,61,61,61,61,0.71037851037851,0.564382648601399,0.845013888888889,reportable
1,confirmatory,1,cluster70,5,esm2-35m,1,balanced_accuracy,3,5,7,59,59,59,59,0.714574314574315,0.566809523809524,0.858229967159277,reportable
1,confirmatory,1,cluster70,5,esm2-35m,2,macro_f1,0,0,0,66,66,64,64,0.734841502583438,0.579241906055398,0.842715864628908,reportable
1,confirmatory,1,cluster70,5,esm2-35m,2,macro_f1,1,1,2,64,64,63,63,0.722720290462226,0.555520512820513,0.838615309962979,reportable
1,confirmatory,1,cluster70,5,esm2-35m,2,macro_f1,2,3,5,61,61,61,61,0.712162263024332,0.550981406355646,0.831225964094385,reportable
1,confirmatory,1,cluster70,5,esm2-35m,2,macro_f1,3,5,7,59,59,59,59,0.716979949874687,0.545564155486756,0.841846712839048,reportable
1,confirmatory,1,cluster70,6,esm2-150m,0,accuracy,0,0,0,66,66,64,64,0.848484848484849,0.753846153846154,0.927562111801242,reportable
1,confirmatory,1,cluster70,6,esm2-150m,0,accuracy,1,1,2,64,64,63,63,0.84375,0.749900793650794,0.923076923076923,reportable
1,confirmatory,1,cluster70,6,esm2-150m,0,accuracy,2,3,5,61,61,61,61,0.836065573770492,0.737704918032787,0.918032786885246,reportable
1,confirmatory,1,cluster70,6,esm2-150m,0,accuracy,3,5,7,59,59,59,59,0.847457627118644,0.745762711864407,0.932203389830508,reportable
1,confirmatory,1,cluster70,6,esm2-150m,1,balanced_accuracy,0,0,0,66,66,64,64,0.789318344490758,0.665043590668591,0.898312003968254,reportable
1,confirmatory,1,cluster70,6,esm2-150m,1,balanced_accuracy,1,1,2,64,64,63,63,0.776619931792346,0.642719696969697,0.895913194444444,reportable
1,confirmatory,1,cluster70,6,esm2-150m,1,balanced_accuracy,2,3,5,61,61,61,61,0.766585266585267,0.627011243386243,0.895864221364221,reportable
1,confirmatory,1,cluster70,6,esm2-150m,1,balanced_accuracy,3,5,7,59,59,59,59,0.779172679172679,0.639197940947941,0.902528103616813,reportable
1,confirmatory,1,cluster70,6,esm2-150m,2,macro_f1,0,0,0,66,66,64,64,0.807065329357549,0.672311688037284,0.907782256147816,reportable
1,confirmatory,1,cluster70,6,esm2-150m,2,macro_f1,1,1,2,64,64,63,63,0.796205600850762,0.656402619357831,0.902541505063564,reportable
1,confirmatory,1,cluster70,6,esm2-150m,2,macro_f1,2,3,5,61,61,61,61,0.786479175996417,0.630795904430104,0.894173611111111,reportable
1,confirmatory,1,cluster70,6,esm2-150m,2,macro_f1,3,5,7,59,59,59,59,0.79544315333789,0.647469720638392,0.896617976053011,reportable
1,confirmatory,2,cluster50,0,majority,0,accuracy,0,0,0,66,66,59,59,0.439393939393939,0.313432835820896,0.578125,reportable
1,confirmatory,2,cluster50,0,majority,0,accuracy,1,1,2,64,64,58,58,0.453125,0.323518099547511,0.593233580508475,reportable
1,confirmatory,2,cluster50,0,majority,0,accuracy,2,3,6,60,60,56,56,0.45,0.323064516129032,0.586206896551724,reportable
1,confirmatory,2,cluster50,0,majority,0,accuracy,3,5,10,56,56,54,54,0.482142857142857,0.351827485380117,0.625,reportable
1,confirmatory,2,cluster50,0,majority,1,balanced_accuracy,0,0,0,66,66,59,59,0.2,0.2,0.2,reportable
1,confirmatory,2,cluster50,0,majority,1,balanced_accuracy,1,1,2,64,64,58,58,0.2,0.2,0.2,reportable
1,confirmatory,2,cluster50,0,majority,1,balanced_accuracy,2,3,6,60,60,56,56,0.2,0.2,0.2,reportable
1,confirmatory,2,cluster50,0,majority,1,balanced_accuracy,3,5,10,56,56,54,54,0.2,0.2,0.2,reportable
1,confirmatory,2,cluster50,0,majority,2,macro_f1,0,0,0,66,66,59,59,0.122105263157895,0.095652173913043,0.144761904761905,reportable
1,confirmatory,2,cluster50,0,majority,2,macro_f1,1,1,2,64,64,58,58,0.124731182795699,0.098799749687109,0.147579147319544,reportable
1,confirmatory,2,cluster50,0,majority,2,macro_f1,2,3,6,60,60,56,56,0.124137931034483,0.097435897435897,0.146666666666667,reportable
1,confirmatory,2,cluster50,0,majority,2,macro_f1,3,5,10,56,56,54,54,0.130120481927711,0.102564102564103,0.152808988764045,reportable
1,confirmatory,2,cluster50,1,length-logistic,0,accuracy,0,0,0,66,66,59,59,0.181818181818182,0.078125,0.294117647058824,reportable
1,confirmatory,2,cluster50,1,length-logistic,0,accuracy,1,1,2,64,64,58,58,0.1875,0.081967213114754,0.301375298978039,reportable
1,confirmatory,2,cluster50,1,length-logistic,0,accuracy,2,3,6,60,60,56,56,0.166666666666667,0.068936294564582,0.271261618370694,reportable
1,confirmatory,2,cluster50,1,length-logistic,0,accuracy,3,5,10,56,56,54,54,0.142857142857143,0.053571428571429,0.240740740740741,reportable
1,confirmatory,2,cluster50,1,length-logistic,1,balanced_accuracy,0,0,0,66,66,59,59,0.232169171824344,0.123527950310559,0.346666666666667,reportable
1,confirmatory,2,cluster50,1,length-logistic,1,balanced_accuracy,1,1,2,64,64,58,58,0.240560780215953,0.12591514041514,0.358466666666667,reportable
1,confirmatory,2,cluster50,1,length-logistic,1,balanced_accuracy,2,3,6,60,60,56,56,0.238888888888889,0.127765151515152,0.355555555555556,reportable
1,confirmatory,2,cluster50,1,length-logistic,1,balanced_accuracy,3,5,10,56,56,54,54,0.200793650793651,0.1,0.307636904761905,reportable
1,confirmatory,2,cluster50,1,length-logistic,2,macro_f1,0,0,0,66,66,59,59,0.147743210506184,0.055010237510238,0.237646426775838,reportable
1,confirmatory,2,cluster50,1,length-logistic,2,macro_f1,1,1,2,64,64,58,58,0.154886067649041,0.062552456958393,0.245876655207537,reportable
1,confirmatory,2,cluster50,1,length-logistic,2,macro_f1,2,3,6,60,60,56,56,0.137391304347826,0.05,0.213216608594657,reportable
1,confirmatory,2,cluster50,1,length-logistic,2,macro_f1,3,5,10,56,56,54,54,0.105549199084668,0.041606722106722,0.175182501708817,reportable
1,confirmatory,2,cluster50,2,aac-logistic,0,accuracy,0,0,0,66,66,59,59,0.363636363636364,0.246147540983607,0.485866510538641,reportable
1,confirmatory,2,cluster50,2,aac-logistic,0,accuracy,1,1,2,64,64,58,58,0.34375,0.230769230769231,0.461567164179104,reportable
1,confirmatory,2,cluster50,2,aac-logistic,0,accuracy,2,3,6,60,60,56,56,0.366666666666667,0.25,0.491228070175439,reportable
1,confirmatory,2,cluster50,2,aac-logistic,0,accuracy,3,5,10,56,56,54,54,0.375,0.25,0.50877990430622,reportable
1,confirmatory,2,cluster50,2,aac-logistic,1,balanced_accuracy,0,0,0,66,66,59,59,0.380107153383015,0.243803795442908,0.525788367546432,reportable
1,confirmatory,2,cluster50,2,aac-logistic,1,balanced_accuracy,1,1,2,64,64,58,58,0.35493232820819,0.215568860877684,0.506462932900433,reportable
1,confirmatory,2,cluster50,2,aac-logistic,1,balanced_accuracy,2,3,6,60,60,56,56,0.368121693121693,0.234957622296568,0.523600505050505,reportable
1,confirmatory,2,cluster50,2,aac-logistic,1,balanced_accuracy,3,5,10,56,56,54,54,0.37510582010582,0.220547619047619,0.537974725274725,reportable
1,confirmatory,2,cluster50,2,aac-logistic,2,macro_f1,0,0,0,66,66,59,59,0.349027951606174,0.217754518973583,0.470778293945747,reportable
1,confirmatory,2,cluster50,2,aac-logistic,2,macro_f1,1,1,2,64,64,58,58,0.322361284939508,0.201488203079474,0.44044948735475,reportable
1,confirmatory,2,cluster50,2,aac-logistic,2,macro_f1,2,3,6,60,60,56,56,0.346060606060606,0.21710706573039,0.462991721666414,reportable
1,confirmatory,2,cluster50,2,aac-logistic,2,macro_f1,3,5,10,56,56,54,54,0.348412698412698,0.204594155844156,0.474069565217391,reportable
1,confirmatory,2,cluster50,3,kmer3-logistic,0,accuracy,0,0,0,66,66,59,59,0.46969696969697,0.342857142857143,0.6,reportable
1,confirmatory,2,cluster50,3,kmer3-logistic,0,accuracy,1,1,2,64,64,58,58,0.46875,0.333333333333333,0.603174603174603,reportable
1,confirmatory,2,cluster50,3,kmer3-logistic,0,accuracy,2,3,6,60,60,56,56,0.5,0.362068965517241,0.627118644067797,reportable
1,confirmatory,2,cluster50,3,kmer3-logistic,0,accuracy,3,5,10,56,56,54,54,0.5,0.363636363636364,0.636363636363636,reportable
1,confirmatory,2,cluster50,3,kmer3-logistic,1,balanced_accuracy,0,0,0,66,66,59,59,0.402918824470549,0.255052083333333,0.567419191919191,reportable
1,confirmatory,2,cluster50,3,kmer3-logistic,1,balanced_accuracy,1,1,2,64,64,58,58,0.387534209085933,0.244422619047619,0.544869671994672,reportable
1,confirmatory,2,cluster50,3,kmer3-logistic,1,balanced_accuracy,2,3,6,60,60,56,56,0.397751322751323,0.252810966810967,0.55349533146592,reportable
1,confirmatory,2,cluster50,3,kmer3-logistic,1,balanced_accuracy,3,5,10,56,56,54,54,0.352037037037037,0.233134773272704,0.507584416748126,reportable
1,confirmatory,2,cluster50,3,kmer3-logistic,2,macro_f1,0,0,0,66,66,59,59,0.389219339909877,0.235447780819298,0.515515502345791,reportable
1,confirmatory,2,cluster50,3,kmer3-logistic,2,macro_f1,1,1,2,64,64,58,58,0.366530264279625,0.223925925925926,0.48285744047619,reportable
1,confirmatory,2,cluster50,3,kmer3-logistic,2,macro_f1,2,3,6,60,60,56,56,0.386046110751993,0.237122133574188,0.512219461697723,reportable
1,confirmatory,2,cluster50,3,kmer3-logistic,2,macro_f1,3,5,10,56,56,54,54,0.344239028944911,0.209684742872831,0.463236128260534,reportable
1,confirmatory,2,cluster50,4,nearest-homolog,0,accuracy,0,0,0,66,66,59,59,0.636363636363636,0.507692307692308,0.764728860294117,reportable
1,confirmatory,2,cluster50,4,nearest-homolog,0,accuracy,1,1,2,64,64,58,58,0.625,0.5,0.757575757575758,reportable
1,confirmatory,2,cluster50,4,nearest-homolog,0,accuracy,2,3,6,60,60,56,56,0.633333333333333,0.5,0.758620689655172,reportable
1,confirmatory,2,cluster50,4,nearest-homolog,0,accuracy,3,5,10,56,56,54,54,0.678571428571429,0.545454545454545,0.8,reportable
1,confirmatory,2,cluster50,4,nearest-homolog,1,balanced_accuracy,0,0,0,66,66,59,59,0.483363858363858,0.338848453017571,0.620257936507937,reportable
1,confirmatory,2,cluster50,4,nearest-homolog,1,balanced_accuracy,1,1,2,64,64,58,58,0.458189033189033,0.318171717171717,0.592857142857143,reportable
1,confirmatory,2,cluster50,4,nearest-homolog,1,balanced_accuracy,2,3,6,60,60,56,56,0.466269841269841,0.331657828282828,0.608669733044733,reportable
1,confirmatory,2,cluster50,4,nearest-homolog,1,balanced_accuracy,3,5,10,56,56,54,54,0.513253968253968,0.338139971139971,0.657142857142857,reportable
1,confirmatory,2,cluster50,4,nearest-homolog,2,macro_f1,0,0,0,66,66,59,59,0.542882648994557,0.34159524272618,0.674277303619409,reportable
1,confirmatory,2,cluster50,4,nearest-homolog,2,macro_f1,1,1,2,64,64,58,58,0.510303463474195,0.312532636455643,0.642363169510228,reportable
1,confirmatory,2,cluster50,4,nearest-homolog,2,macro_f1,2,3,6,60,60,56,56,0.522134123186755,0.320659513250977,0.65742835057896,reportable
1,confirmatory,2,cluster50,4,nearest-homolog,2,macro_f1,3,5,10,56,56,54,54,0.576190476190476,0.345903193325662,0.703981552981553,reportable
1,confirmatory,2,cluster50,5,esm2-35m,0,accuracy,0,0,0,66,66,59,59,0.863636363636364,0.764705882352941,0.953846153846154,reportable
1,confirmatory,2,cluster50,5,esm2-35m,0,accuracy,1,1,2,64,64,58,58,0.859375,0.753846153846154,0.952380952380952,reportable
1,confirmatory,2,cluster50,5,esm2-35m,0,accuracy,2,3,6,60,60,56,56,0.883333333333333,0.786885245901639,0.966101694915254,reportable
1,confirmatory,2,cluster50,5,esm2-35m,0,accuracy,3,5,10,56,56,54,54,0.910714285714286,0.824561403508772,0.981481481481482,reportable
1,confirmatory,2,cluster50,5,esm2-35m,1,balanced_accuracy,0,0,0,66,66,59,59,0.843652898825313,0.694721362229102,0.942857142857143,reportable
1,confirmatory,2,cluster50,5,esm2-35m,1,balanced_accuracy,1,1,2,64,64,58,58,0.826869682042096,0.683333333333333,0.933918158567775,reportable
1,confirmatory,2,cluster50,5,esm2-35m,1,balanced_accuracy,2,3,6,60,60,56,56,0.846560846560847,0.704898459383753,0.952599206349206,reportable
1,confirmatory,2,cluster50,5,esm2-35m,1,balanced_accuracy,3,5,10,56,56,54,54,0.855449735449735,0.7,0.965372421695951,reportable
1,confirmatory,2,cluster50,5,esm2-35m,2,macro_f1,0,0,0,66,66,59,59,0.859952465834819,0.687728794784264,0.950163934426229,reportable
1,confirmatory,2,cluster50,5,esm2-35m,2,macro_f1,1,1,2,64,64,58,58,0.843790849673203,0.682852965747703,0.934858755038065,reportable
1,confirmatory,2,cluster50,5,esm2-35m,2,macro_f1,2,3,6,60,60,56,56,0.862358101135191,0.687247238331952,0.954430272108844,reportable
1,confirmatory,2,cluster50,5,esm2-35m,2,macro_f1,3,5,10,56,56,54,54,0.870183346065699,0.678602564102564,0.96375,reportable
1,confirmatory,2,cluster50,6,esm2-150m,0,accuracy,0,0,0,66,66,59,59,0.863636363636364,0.769230769230769,0.942049689440994,reportable
1,confirmatory,2,cluster50,6,esm2-150m,0,accuracy,1,1,2,64,64,58,58,0.859375,0.765625,0.9375,reportable
1,confirmatory,2,cluster50,6,esm2-150m,0,accuracy,2,3,6,60,60,56,56,0.866666666666667,0.766666666666667,0.950819672131147,reportable
1,confirmatory,2,cluster50,6,esm2-150m,0,accuracy,3,5,10,56,56,54,54,0.892857142857143,0.807017543859649,0.964285714285714,reportable
1,confirmatory,2,cluster50,6,esm2-150m,1,balanced_accuracy,0,0,0,66,66,59,59,0.842525577870405,0.702236201298701,0.942859432234432,reportable
1,confirmatory,2,cluster50,6,esm2-150m,1,balanced_accuracy,1,1,2,64,64,58,58,0.831336766681594,0.708481060606061,0.936670454545455,reportable
1,confirmatory,2,cluster50,6,esm2-150m,1,balanced_accuracy,2,3,6,60,60,56,56,0.836375661375661,0.691189324116743,0.955431746031746,reportable
1,confirmatory,2,cluster50,6,esm2-150m,1,balanced_accuracy,3,5,10,56,56,54,54,0.851613756613757,0.716178571428572,0.963105158730159,reportable
1,confirmatory,2,cluster50,6,esm2-150m,2,macro_f1,0,0,0,66,66,59,59,0.843852566198104,0.707084174430642,0.932268964055698,reportable
1,confirmatory,2,cluster50,6,esm2-150m,2,macro_f1,1,1,2,64,64,58,58,0.834699248120301,0.701462523012186,0.930904683354706,reportable
1,confirmatory,2,cluster50,6,esm2-150m,2,macro_f1,2,3,6,60,60,56,56,0.839149008885851,0.703318748768804,0.937532186452361,reportable
1,confirmatory,2,cluster50,6,esm2-150m,2,macro_f1,3,5,10,56,56,54,54,0.844581500922117,0.710888636363636,0.947121023773451,reportable
1,confirmatory,3,cluster30,0,majority,0,accuracy,0,0,0,66,66,60,60,0.439393939393939,0.312408088235294,0.578125,reportable
1,confirmatory,3,cluster30,0,majority,0,accuracy,1,1,2,64,64,59,59,0.453125,0.323076923076923,0.580645161290323,reportable
1,confirmatory,3,cluster30,0,majority,0,accuracy,2,3,6,60,60,57,57,0.416666666666667,0.293103448275862,0.55,reportable
1,confirmatory,3,cluster30,0,majority,0,accuracy,3,5,10,56,56,55,55,0.446428571428571,0.309090909090909,0.589285714285714,reportable
1,confirmatory,3,cluster30,0,majority,1,balanced_accuracy,0,0,0,66,66,60,60,0.2,0.2,0.2,reportable
1,confirmatory,3,cluster30,0,majority,1,balanced_accuracy,1,1,2,64,64,59,59,0.2,0.2,0.2,reportable
1,confirmatory,3,cluster30,0,majority,1,balanced_accuracy,2,3,6,60,60,57,57,0.2,0.2,0.2,reportable
1,confirmatory,3,cluster30,0,majority,1,balanced_accuracy,3,5,10,56,56,55,55,0.2,0.2,0.2,reportable
1,confirmatory,3,cluster30,0,majority,2,macro_f1,0,0,0,66,66,60,60,0.122105263157895,0.095454545454545,0.145098039215686,reportable
1,confirmatory,3,cluster30,0,majority,2,macro_f1,1,1,2,64,64,59,59,0.124731182795699,0.096385542168675,0.146944551405468,reportable
1,confirmatory,3,cluster30,0,majority,2,macro_f1,2,3,6,60,60,57,57,0.117647058823529,0.090666666666667,0.140425531914894,reportable
1,confirmatory,3,cluster30,0,majority,2,macro_f1,3,5,10,56,56,55,55,0.123456790123457,0.094444444444444,0.146666666666667,reportable
1,confirmatory,3,cluster30,1,length-logistic,0,accuracy,0,0,0,66,66,60,60,0.212121212121212,0.117647058823529,0.323076923076923,reportable
1,confirmatory,3,cluster30,1,length-logistic,0,accuracy,1,1,2,64,64,59,59,0.21875,0.119402985074627,0.333333333333333,reportable
1,confirmatory,3,cluster30,1,length-logistic,0,accuracy,2,3,6,60,60,57,57,0.2,0.101652542372881,0.305084745762712,reportable
1,confirmatory,3,cluster30,1,length-logistic,0,accuracy,3,5,10,56,56,55,55,0.214285714285714,0.107142857142857,0.321428571428571,reportable
1,confirmatory,3,cluster30,1,length-logistic,1,balanced_accuracy,0,0,0,66,66,60,60,0.275602079912425,0.18054105090312,0.399127304147465,reportable
1,confirmatory,3,cluster30,1,length-logistic,1,balanced_accuracy,1,1,2,64,64,59,59,0.275602079912425,0.17715250965251,0.39828801843318,reportable
1,confirmatory,3,cluster30,1,length-logistic,1,balanced_accuracy,2,3,6,60,60,57,57,0.264015873015873,0.16784126984127,0.383232401656315,reportable
1,confirmatory,3,cluster30,1,length-logistic,1,balanced_accuracy,3,5,10,56,56,55,55,0.302111111111111,0.175991233766234,0.457391706924316,reportable
1,confirmatory,3,cluster30,1,length-logistic,2,macro_f1,0,0,0,66,66,60,60,0.189382173382173,0.090567517584283,0.277301514524729,reportable
1,confirmatory,3,cluster30,1,length-logistic,2,macro_f1,1,1,2,64,64,59,59,0.193262977262977,0.097199008158695,0.286610509161381,reportable
1,confirmatory,3,cluster30,1,length-logistic,2,macro_f1,2,3,6,60,60,57,57,0.176876503833026,0.083798630319421,0.270574352312468,reportable
1,confirmatory,3,cluster30,1,length-logistic,2,macro_f1,3,5,10,56,56,55,55,0.189710640236956,0.097136434837093,0.277479488416988,reportable
1,confirmatory,3,cluster30,2,aac-logistic,0,accuracy,0,0,0,66,66,60,60,0.318181818181818,0.208272058823529,0.446153846153846,reportable
1,confirmatory,3,cluster30,2,aac-logistic,0,accuracy,1,1,2,64,64,59,59,0.328125,0.212121212121212,0.459016393442623,reportable
1,confirmatory,3,cluster30,2,aac-logistic,0,accuracy,2,3,6,60,60,57,57,0.316666666666667,0.206275221953188,0.440677966101695,reportable
1,confirmatory,3,cluster30,2,aac-logistic,0,accuracy,3,5,10,56,56,55,55,0.339285714285714,0.214191729323308,0.465697492163008,reportable
1,confirmatory,3,cluster30,2,aac-logistic,1,balanced_accuracy,0,0,0,66,66,60,60,0.243987621573829,0.144603389103389,0.36349649859944,reportable
1,confirmatory,3,cluster30,2,aac-logistic,1,balanced_accuracy,1,1,2,64,64,59,59,0.249582027168234,0.146172003284072,0.364948593073593,reportable
1,confirmatory,3,cluster30,2,aac-logistic,1,balanced_accuracy,2,3,6,60,60,57,57,0.249030303030303,0.139819624819625,0.367273809523809,reportable
1,confirmatory,3,cluster30,2,aac-logistic,1,balanced_accuracy,3,5,10,56,56,55,55,0.249030303030303,0.14409418767507,0.369320436507936,reportable
1,confirmatory,3,cluster30,2,aac-logistic,2,macro_f1,0,0,0,66,66,60,60,0.245714285714286,0.146236607142857,0.337116906171891,reportable
1,confirmatory,3,cluster30,2,aac-logistic,2,macro_f1,1,1,2,64,64,59,59,0.252754613807245,0.154977955758963,0.347617087504858,reportable
1,confirmatory,3,cluster30,2,aac-logistic,2,macro_f1,2,3,6,60,60,57,57,0.256763473164942,0.147369454913135,0.353475965503964,reportable
1,confirmatory,3,cluster30,2,aac-logistic,2,macro_f1,3,5,10,56,56,55,55,0.265845100556269,0.164129989004131,0.363115961231751,reportable
1,confirmatory,3,cluster30,3,kmer3-logistic,0,accuracy,0,0,0,66,66,60,60,0.515151515151515,0.387034739454094,0.646153846153846,reportable
1,confirmatory,3,cluster30,3,kmer3-logistic,0,accuracy,1,1,2,64,64,59,59,0.5,0.370967741935484,0.629032258064516,reportable
1,confirmatory,3,cluster30,3,kmer3-logistic,0,accuracy,2,3,6,60,60,57,57,0.5,0.372881355932203,0.627118644067797,reportable
1,confirmatory,3,cluster30,3,kmer3-logistic,0,accuracy,3,5,10,56,56,55,55,0.517857142857143,0.381818181818182,0.642857142857143,reportable
1,confirmatory,3,cluster30,3,kmer3-logistic,1,balanced_accuracy,0,0,0,66,66,60,60,0.419398130605027,0.297636437908497,0.54733383783621,reportable
1,confirmatory,3,cluster30,3,kmer3-logistic,1,balanced_accuracy,1,1,2,64,64,59,59,0.388628899835796,0.272850378787879,0.504483333333333,reportable
1,confirmatory,3,cluster30,3,kmer3-logistic,1,balanced_accuracy,2,3,6,60,60,57,57,0.396904761904762,0.279954022988506,0.50834375,reportable
1,confirmatory,3,cluster30,3,kmer3-logistic,1,balanced_accuracy,3,5,10,56,56,55,55,0.368333333333333,0.262669413919414,0.472381773399015,reportable
1,confirmatory,3,cluster30,3,kmer3-logistic,2,macro_f1,0,0,0,66,66,60,60,0.38857500226593,0.252480746762125,0.502936709166425,reportable
1,confirmatory,3,cluster30,3,kmer3-logistic,2,macro_f1,1,1,2,64,64,59,59,0.341516178736518,0.236363127544098,0.434325630252101,reportable
1,confirmatory,3,cluster30,3,kmer3-logistic,2,macro_f1,2,3,6,60,60,57,57,0.351654858677008,0.247710508824404,0.444829738487633,reportable
1,confirmatory,3,cluster30,3,kmer3-logistic,2,macro_f1,3,5,10,56,56,55,55,0.330943396226415,0.239232633053221,0.411203682529314,reportable
1,confirmatory,3,cluster30,4,nearest-homolog,0,accuracy,0,0,0,66,66,60,60,0.53030303030303,0.402985074626866,0.661538461538462,reportable
1,confirmatory,3,cluster30,4,nearest-homolog,0,accuracy,1,1,2,64,64,59,59,0.546875,0.419354838709677,0.676923076923077,reportable
1,confirmatory,3,cluster30,4,nearest-homolog,0,accuracy,2,3,6,60,60,57,57,0.516666666666667,0.384583333333333,0.65,reportable
1,confirmatory,3,cluster30,4,nearest-homolog,0,accuracy,3,5,10,56,56,55,55,0.553571428571429,0.418181818181818,0.689655172413793,reportable
1,confirmatory,3,cluster30,4,nearest-homolog,1,balanced_accuracy,0,0,0,66,66,60,60,0.31965811965812,0.244444444444444,0.402359477124183,reportable
1,confirmatory,3,cluster30,4,nearest-homolog,1,balanced_accuracy,1,1,2,64,64,59,59,0.325252525252525,0.243956043956044,0.4125,reportable
1,confirmatory,3,cluster30,4,nearest-homolog,1,balanced_accuracy,2,3,6,60,60,57,57,0.325252525252525,0.244986111111111,0.412991285030759,reportable
1,confirmatory,3,cluster30,4,nearest-homolog,1,balanced_accuracy,3,5,10,56,56,55,55,0.325252525252525,0.244444444444444,0.411538461538462,reportable
1,confirmatory,3,cluster30,4,nearest-homolog,2,macro_f1,0,0,0,66,66,60,60,0.306747335061942,0.196824861779918,0.398628134588701,reportable
1,confirmatory,3,cluster30,4,nearest-homolog,2,macro_f1,1,1,2,64,64,59,59,0.317948717948718,0.203852501836305,0.411263495785394,reportable
1,confirmatory,3,cluster30,4,nearest-homolog,2,macro_f1,2,3,6,60,60,57,57,0.311197663096397,0.199650358773646,0.407365079365079,reportable
1,confirmatory,3,cluster30,4,nearest-homolog,2,macro_f1,3,5,10,56,56,55,55,0.317948717948718,0.204103003161222,0.412044965786901,reportable
1,confirmatory,3,cluster30,5,esm2-35m,0,accuracy,0,0,0,66,66,60,60,0.742424242424242,0.626865671641791,0.848484848484849,reportable
1,confirmatory,3,cluster30,5,esm2-35m,0,accuracy,1,1,2,64,64,59,59,0.765625,0.655614103564923,0.865671641791045,reportable
1,confirmatory,3,cluster30,5,esm2-35m,0,accuracy,2,3,6,60,60,57,57,0.75,0.644067796610169,0.852459016393443,reportable
1,confirmatory,3,cluster30,5,esm2-35m,0,accuracy,3,5,10,56,56,55,55,0.75,0.636363636363636,0.857142857142857,reportable
1,confirmatory,3,cluster30,5,esm2-35m,1,balanced_accuracy,0,0,0,66,66,60,60,0.70956275525241,0.56060588023088,0.832984270631329,reportable
1,confirmatory,3,cluster30,5,esm2-35m,1,balanced_accuracy,1,1,2,64,64,59,59,0.726345972035627,0.586936090225564,0.852240196078431,reportable
1,confirmatory,3,cluster30,5,esm2-35m,1,balanced_accuracy,2,3,6,60,60,57,57,0.721932178932179,0.578652130915062,0.848853119868637,reportable
1,confirmatory,3,cluster30,5,esm2-35m,1,balanced_accuracy,3,5,10,56,56,55,55,0.674313131313131,0.531236521620142,0.837298684210526,reportable
1,confirmatory,3,cluster30,5,esm2-35m,2,macro_f1,0,0,0,66,66,60,60,0.713123522157735,0.566003956903127,0.822763364293086,reportable
1,confirmatory,3,cluster30,5,esm2-35m,2,macro_f1,1,1,2,64,64,59,59,0.728618509550713,0.581934205287466,0.83677471079645,reportable
1,confirmatory,3,cluster30,5,esm2-35m,2,macro_f1,2,3,6,60,60,57,57,0.723832866479925,0.579990979336819,0.828463924596258,reportable
1,confirmatory,3,cluster30,5,esm2-35m,2,macro_f1,3,5,10,56,56,55,55,0.675840336134454,0.525734821428571,0.809622840726102,reportable
1,confirmatory,3,cluster30,6,esm2-150m,0,accuracy,0,0,0,66,66,60,60,0.818181818181818,0.712121212121212,0.907692307692308,reportable
1,confirmatory,3,cluster30,6,esm2-150m,0,accuracy,1,1,2,64,64,59,59,0.8125,0.703084188432836,0.90326420890937,reportable
1,confirmatory,3,cluster30,6,esm2-150m,0,accuracy,2,3,6,60,60,57,57,0.8,0.694915254237288,0.9,reportable
1,confirmatory,3,cluster30,6,esm2-150m,0,accuracy,3,5,10,56,56,55,55,0.785714285714286,0.678425324675325,0.892857142857143,reportable
1,confirmatory,3,cluster30,6,esm2-150m,1,balanced_accuracy,0,0,0,66,66,60,60,0.791184581701823,0.635703382042092,0.901909677419355,reportable
1,confirmatory,3,cluster30,6,esm2-150m,1,balanced_accuracy,1,1,2,64,64,59,59,0.779995770513012,0.615316258741259,0.895280614973262,reportable
1,confirmatory,3,cluster30,6,esm2-150m,1,balanced_accuracy,2,3,6,60,60,57,57,0.776685425685426,0.613178876678877,0.890177489177489,reportable
1,confirmatory,3,cluster30,6,esm2-150m,1,balanced_accuracy,3,5,10,56,56,55,55,0.70049494949495,0.548691218911807,0.869797826086956,reportable
1,confirmatory,3,cluster30,6,esm2-150m,2,macro_f1,0,0,0,66,66,60,60,0.780019165560961,0.610897595770426,0.887346674365115,reportable
1,confirmatory,3,cluster30,6,esm2-150m,2,macro_f1,1,1,2,64,64,59,59,0.770019165560961,0.604651241740715,0.879775376681654,reportable
1,confirmatory,3,cluster30,6,esm2-150m,2,macro_f1,2,3,6,60,60,57,57,0.767154861944778,0.601263957391789,0.873590586537645,reportable
1,confirmatory,3,cluster30,6,esm2-150m,2,macro_f1,3,5,10,56,56,55,55,0.690964385754302,0.541315466814976,0.83004446004446,reportable
