schema_version,analysis_class,analysis_id,split_order,split_name,stratum_dimension,stratum_order,stratum_id,stratum_label,method_order,method,metric_order,metric,sequence_count_display,sequence_count,component_count_display,component_count,estimate,ci_lower,ci_upper,bootstrap_iterations,bootstrap_seed,reporting_status
1,confirmatory,v060-length,0,random,length,0,length_050_199,50–199,0,majority,0,accuracy,7,7,7,7,NA,NA,NA,NA,NA,insufficient_sequences
1,confirmatory,v060-length,0,random,length,0,length_050_199,50–199,0,majority,1,balanced_accuracy,7,7,7,7,NA,NA,NA,NA,NA,insufficient_sequences
1,confirmatory,v060-length,0,random,length,0,length_050_199,50–199,0,majority,2,macro_f1,7,7,7,7,NA,NA,NA,NA,NA,insufficient_sequences
1,confirmatory,v060-length,0,random,length,1,length_200_399,200–399,0,majority,0,accuracy,44,44,43,43,0.386363636363636,0.232558139534884,0.545454545454545,2000,2026,reportable
1,confirmatory,v060-length,0,random,length,1,length_200_399,200–399,0,majority,1,balanced_accuracy,44,44,43,43,0.2,0.2,0.2,2000,2026,reportable
1,confirmatory,v060-length,0,random,length,1,length_200_399,200–399,0,majority,2,macro_f1,44,44,43,43,0.111475409836066,0.075471698113208,0.139430217669654,2000,2026,reportable
1,confirmatory,v060-length,0,random,length,2,length_400_599,400–599,0,majority,0,accuracy,11,11,11,11,NA,NA,NA,NA,NA,insufficient_sequences
1,confirmatory,v060-length,0,random,length,2,length_400_599,400–599,0,majority,1,balanced_accuracy,11,11,11,11,NA,NA,NA,NA,NA,insufficient_sequences
1,confirmatory,v060-length,0,random,length,2,length_400_599,400–599,0,majority,2,macro_f1,11,11,11,11,NA,NA,NA,NA,NA,insufficient_sequences
1,confirmatory,v060-length,0,random,length,3,length_600_799,600–799,0,majority,0,accuracy,<5,NA,4,NA,NA,NA,NA,NA,NA,privacy_suppressed
1,confirmatory,v060-length,0,random,length,3,length_600_799,600–799,0,majority,1,balanced_accuracy,<5,NA,4,NA,NA,NA,NA,NA,NA,privacy_suppressed
1,confirmatory,v060-length,0,random,length,3,length_600_799,600–799,0,majority,2,macro_f1,<5,NA,4,NA,NA,NA,NA,NA,NA,privacy_suppressed
1,confirmatory,v060-length,0,random,length,4,length_800_1000,800–1000,0,majority,0,accuracy,<5,NA,<3,NA,NA,NA,NA,NA,NA,privacy_suppressed
1,confirmatory,v060-length,0,random,length,4,length_800_1000,800–1000,0,majority,1,balanced_accuracy,<5,NA,<3,NA,NA,NA,NA,NA,NA,privacy_suppressed
1,confirmatory,v060-length,0,random,length,4,length_800_1000,800–1000,0,majority,2,macro_f1,<5,NA,<3,NA,NA,NA,NA,NA,NA,privacy_suppressed
1,confirmatory,v060-length,0,random,length,0,length_050_199,50–199,1,length-logistic,0,accuracy,7,7,7,7,NA,NA,NA,NA,NA,insufficient_sequences
1,confirmatory,v060-length,0,random,length,0,length_050_199,50–199,1,length-logistic,1,balanced_accuracy,7,7,7,7,NA,NA,NA,NA,NA,insufficient_sequences
1,confirmatory,v060-length,0,random,length,0,length_050_199,50–199,1,length-logistic,2,macro_f1,7,7,7,7,NA,NA,NA,NA,NA,insufficient_sequences
1,confirmatory,v060-length,0,random,length,1,length_200_399,200–399,1,length-logistic,0,accuracy,44,44,43,43,0.25,0.133333333333333,0.391304347826087,2000,2026,reportable
1,confirmatory,v060-length,0,random,length,1,length_200_399,200–399,1,length-logistic,1,balanced_accuracy,44,44,43,43,0.247058823529412,0.156359307359307,0.336668803418803,2000,2026,reportable
1,confirmatory,v060-length,0,random,length,1,length_200_399,200–399,1,length-logistic,2,macro_f1,44,44,43,43,0.172649572649573,0.077349335398116,0.27095652173913,2000,2026,reportable
1,confirmatory,v060-length,0,random,length,2,length_400_599,400–599,1,length-logistic,0,accuracy,11,11,11,11,NA,NA,NA,NA,NA,insufficient_sequences
1,confirmatory,v060-length,0,random,length,2,length_400_599,400–599,1,length-logistic,1,balanced_accuracy,11,11,11,11,NA,NA,NA,NA,NA,insufficient_sequences
1,confirmatory,v060-length,0,random,length,2,length_400_599,400–599,1,length-logistic,2,macro_f1,11,11,11,11,NA,NA,NA,NA,NA,insufficient_sequences
1,confirmatory,v060-length,0,random,length,3,length_600_799,600–799,1,length-logistic,0,accuracy,<5,NA,4,NA,NA,NA,NA,NA,NA,privacy_suppressed
1,confirmatory,v060-length,0,random,length,3,length_600_799,600–799,1,length-logistic,1,balanced_accuracy,<5,NA,4,NA,NA,NA,NA,NA,NA,privacy_suppressed
1,confirmatory,v060-length,0,random,length,3,length_600_799,600–799,1,length-logistic,2,macro_f1,<5,NA,4,NA,NA,NA,NA,NA,NA,privacy_suppressed
1,confirmatory,v060-length,0,random,length,4,length_800_1000,800–1000,1,length-logistic,0,accuracy,<5,NA,<3,NA,NA,NA,NA,NA,NA,privacy_suppressed
1,confirmatory,v060-length,0,random,length,4,length_800_1000,800–1000,1,length-logistic,1,balanced_accuracy,<5,NA,<3,NA,NA,NA,NA,NA,NA,privacy_suppressed
1,confirmatory,v060-length,0,random,length,4,length_800_1000,800–1000,1,length-logistic,2,macro_f1,<5,NA,<3,NA,NA,NA,NA,NA,NA,privacy_suppressed
1,confirmatory,v060-length,0,random,length,0,length_050_199,50–199,2,aac-logistic,0,accuracy,7,7,7,7,NA,NA,NA,NA,NA,insufficient_sequences
1,confirmatory,v060-length,0,random,length,0,length_050_199,50–199,2,aac-logistic,1,balanced_accuracy,7,7,7,7,NA,NA,NA,NA,NA,insufficient_sequences
1,confirmatory,v060-length,0,random,length,0,length_050_199,50–199,2,aac-logistic,2,macro_f1,7,7,7,7,NA,NA,NA,NA,NA,insufficient_sequences
1,confirmatory,v060-length,0,random,length,1,length_200_399,200–399,2,aac-logistic,0,accuracy,44,44,43,43,0.25,0.133333333333333,0.391405460060667,2000,2026,reportable
1,confirmatory,v060-length,0,random,length,1,length_200_399,200–399,2,aac-logistic,1,balanced_accuracy,44,44,43,43,0.235014005602241,0.108766917293233,0.385559090909091,2000,2026,reportable
1,confirmatory,v060-length,0,random,length,1,length_200_399,200–399,2,aac-logistic,2,macro_f1,44,44,43,43,0.228191721132898,0.10364004416636,0.349631313131313,2000,2026,reportable
1,confirmatory,v060-length,0,random,length,2,length_400_599,400–599,2,aac-logistic,0,accuracy,11,11,11,11,NA,NA,NA,NA,NA,insufficient_sequences
1,confirmatory,v060-length,0,random,length,2,length_400_599,400–599,2,aac-logistic,1,balanced_accuracy,11,11,11,11,NA,NA,NA,NA,NA,insufficient_sequences
1,confirmatory,v060-length,0,random,length,2,length_400_599,400–599,2,aac-logistic,2,macro_f1,11,11,11,11,NA,NA,NA,NA,NA,insufficient_sequences
1,confirmatory,v060-length,0,random,length,3,length_600_799,600–799,2,aac-logistic,0,accuracy,<5,NA,4,NA,NA,NA,NA,NA,NA,privacy_suppressed
1,confirmatory,v060-length,0,random,length,3,length_600_799,600–799,2,aac-logistic,1,balanced_accuracy,<5,NA,4,NA,NA,NA,NA,NA,NA,privacy_suppressed
1,confirmatory,v060-length,0,random,length,3,length_600_799,600–799,2,aac-logistic,2,macro_f1,<5,NA,4,NA,NA,NA,NA,NA,NA,privacy_suppressed
1,confirmatory,v060-length,0,random,length,4,length_800_1000,800–1000,2,aac-logistic,0,accuracy,<5,NA,<3,NA,NA,NA,NA,NA,NA,privacy_suppressed
1,confirmatory,v060-length,0,random,length,4,length_800_1000,800–1000,2,aac-logistic,1,balanced_accuracy,<5,NA,<3,NA,NA,NA,NA,NA,NA,privacy_suppressed
1,confirmatory,v060-length,0,random,length,4,length_800_1000,800–1000,2,aac-logistic,2,macro_f1,<5,NA,<3,NA,NA,NA,NA,NA,NA,privacy_suppressed
1,confirmatory,v060-length,0,random,length,0,length_050_199,50–199,3,kmer3-logistic,0,accuracy,7,7,7,7,NA,NA,NA,NA,NA,insufficient_sequences
1,confirmatory,v060-length,0,random,length,0,length_050_199,50–199,3,kmer3-logistic,1,balanced_accuracy,7,7,7,7,NA,NA,NA,NA,NA,insufficient_sequences
1,confirmatory,v060-length,0,random,length,0,length_050_199,50–199,3,kmer3-logistic,2,macro_f1,7,7,7,7,NA,NA,NA,NA,NA,insufficient_sequences
1,confirmatory,v060-length,0,random,length,1,length_200_399,200–399,3,kmer3-logistic,0,accuracy,44,44,43,43,0.522727272727273,0.372093023255814,0.674418604651163,2000,2026,reportable
1,confirmatory,v060-length,0,random,length,1,length_200_399,200–399,3,kmer3-logistic,1,balanced_accuracy,44,44,43,43,0.443417366946779,0.321136904761905,0.58877904040404,2000,2026,reportable
1,confirmatory,v060-length,0,random,length,1,length_200_399,200–399,3,kmer3-logistic,2,macro_f1,44,44,43,43,0.415461175461175,0.262962315462315,0.553715582638975,2000,2026,reportable
1,confirmatory,v060-length,0,random,length,2,length_400_599,400–599,3,kmer3-logistic,0,accuracy,11,11,11,11,NA,NA,NA,NA,NA,insufficient_sequences
1,confirmatory,v060-length,0,random,length,2,length_400_599,400–599,3,kmer3-logistic,1,balanced_accuracy,11,11,11,11,NA,NA,NA,NA,NA,insufficient_sequences
1,confirmatory,v060-length,0,random,length,2,length_400_599,400–599,3,kmer3-logistic,2,macro_f1,11,11,11,11,NA,NA,NA,NA,NA,insufficient_sequences
1,confirmatory,v060-length,0,random,length,3,length_600_799,600–799,3,kmer3-logistic,0,accuracy,<5,NA,4,NA,NA,NA,NA,NA,NA,privacy_suppressed
1,confirmatory,v060-length,0,random,length,3,length_600_799,600–799,3,kmer3-logistic,1,balanced_accuracy,<5,NA,4,NA,NA,NA,NA,NA,NA,privacy_suppressed
1,confirmatory,v060-length,0,random,length,3,length_600_799,600–799,3,kmer3-logistic,2,macro_f1,<5,NA,4,NA,NA,NA,NA,NA,NA,privacy_suppressed
1,confirmatory,v060-length,0,random,length,4,length_800_1000,800–1000,3,kmer3-logistic,0,accuracy,<5,NA,<3,NA,NA,NA,NA,NA,NA,privacy_suppressed
1,confirmatory,v060-length,0,random,length,4,length_800_1000,800–1000,3,kmer3-logistic,1,balanced_accuracy,<5,NA,<3,NA,NA,NA,NA,NA,NA,privacy_suppressed
1,confirmatory,v060-length,0,random,length,4,length_800_1000,800–1000,3,kmer3-logistic,2,macro_f1,<5,NA,<3,NA,NA,NA,NA,NA,NA,privacy_suppressed
1,confirmatory,v060-length,0,random,length,0,length_050_199,50–199,4,nearest-homolog,0,accuracy,7,7,7,7,NA,NA,NA,NA,NA,insufficient_sequences
1,confirmatory,v060-length,0,random,length,0,length_050_199,50–199,4,nearest-homolog,1,balanced_accuracy,7,7,7,7,NA,NA,NA,NA,NA,insufficient_sequences
1,confirmatory,v060-length,0,random,length,0,length_050_199,50–199,4,nearest-homolog,2,macro_f1,7,7,7,7,NA,NA,NA,NA,NA,insufficient_sequences
1,confirmatory,v060-length,0,random,length,1,length_200_399,200–399,4,nearest-homolog,0,accuracy,44,44,43,43,0.522727272727273,0.372093023255814,0.674418604651163,2000,2026,reportable
1,confirmatory,v060-length,0,random,length,1,length_200_399,200–399,4,nearest-homolog,1,balanced_accuracy,44,44,43,43,0.371428571428571,0.265,0.491696428571428,2000,2026,reportable
1,confirmatory,v060-length,0,random,length,1,length_200_399,200–399,4,nearest-homolog,2,macro_f1,44,44,43,43,0.363636363636364,0.20903823953824,0.462398640907115,2000,2026,reportable
1,confirmatory,v060-length,0,random,length,2,length_400_599,400–599,4,nearest-homolog,0,accuracy,11,11,11,11,NA,NA,NA,NA,NA,insufficient_sequences
1,confirmatory,v060-length,0,random,length,2,length_400_599,400–599,4,nearest-homolog,1,balanced_accuracy,11,11,11,11,NA,NA,NA,NA,NA,insufficient_sequences
1,confirmatory,v060-length,0,random,length,2,length_400_599,400–599,4,nearest-homolog,2,macro_f1,11,11,11,11,NA,NA,NA,NA,NA,insufficient_sequences
1,confirmatory,v060-length,0,random,length,3,length_600_799,600–799,4,nearest-homolog,0,accuracy,<5,NA,4,NA,NA,NA,NA,NA,NA,privacy_suppressed
1,confirmatory,v060-length,0,random,length,3,length_600_799,600–799,4,nearest-homolog,1,balanced_accuracy,<5,NA,4,NA,NA,NA,NA,NA,NA,privacy_suppressed
1,confirmatory,v060-length,0,random,length,3,length_600_799,600–799,4,nearest-homolog,2,macro_f1,<5,NA,4,NA,NA,NA,NA,NA,NA,privacy_suppressed
1,confirmatory,v060-length,0,random,length,4,length_800_1000,800–1000,4,nearest-homolog,0,accuracy,<5,NA,<3,NA,NA,NA,NA,NA,NA,privacy_suppressed
1,confirmatory,v060-length,0,random,length,4,length_800_1000,800–1000,4,nearest-homolog,1,balanced_accuracy,<5,NA,<3,NA,NA,NA,NA,NA,NA,privacy_suppressed
1,confirmatory,v060-length,0,random,length,4,length_800_1000,800–1000,4,nearest-homolog,2,macro_f1,<5,NA,<3,NA,NA,NA,NA,NA,NA,privacy_suppressed
1,confirmatory,v060-length,0,random,length,0,length_050_199,50–199,5,esm2-35m,0,accuracy,7,7,7,7,NA,NA,NA,NA,NA,insufficient_sequences
1,confirmatory,v060-length,0,random,length,0,length_050_199,50–199,5,esm2-35m,1,balanced_accuracy,7,7,7,7,NA,NA,NA,NA,NA,insufficient_sequences
1,confirmatory,v060-length,0,random,length,0,length_050_199,50–199,5,esm2-35m,2,macro_f1,7,7,7,7,NA,NA,NA,NA,NA,insufficient_sequences
1,confirmatory,v060-length,0,random,length,1,length_200_399,200–399,5,esm2-35m,0,accuracy,44,44,43,43,0.818181818181818,0.697674418604651,0.931818181818182,2000,2026,reportable
1,confirmatory,v060-length,0,random,length,1,length_200_399,200–399,5,esm2-35m,1,balanced_accuracy,44,44,43,43,0.800280112044818,0.658303571428571,0.917905701754386,2000,2026,reportable
1,confirmatory,v060-length,0,random,length,1,length_200_399,200–399,5,esm2-35m,2,macro_f1,44,44,43,43,0.801684981684982,0.650021486643438,0.915647649279341,2000,2026,reportable
1,confirmatory,v060-length,0,random,length,2,length_400_599,400–599,5,esm2-35m,0,accuracy,11,11,11,11,NA,NA,NA,NA,NA,insufficient_sequences
1,confirmatory,v060-length,0,random,length,2,length_400_599,400–599,5,esm2-35m,1,balanced_accuracy,11,11,11,11,NA,NA,NA,NA,NA,insufficient_sequences
1,confirmatory,v060-length,0,random,length,2,length_400_599,400–599,5,esm2-35m,2,macro_f1,11,11,11,11,NA,NA,NA,NA,NA,insufficient_sequences
1,confirmatory,v060-length,0,random,length,3,length_600_799,600–799,5,esm2-35m,0,accuracy,<5,NA,4,NA,NA,NA,NA,NA,NA,privacy_suppressed
1,confirmatory,v060-length,0,random,length,3,length_600_799,600–799,5,esm2-35m,1,balanced_accuracy,<5,NA,4,NA,NA,NA,NA,NA,NA,privacy_suppressed
1,confirmatory,v060-length,0,random,length,3,length_600_799,600–799,5,esm2-35m,2,macro_f1,<5,NA,4,NA,NA,NA,NA,NA,NA,privacy_suppressed
1,confirmatory,v060-length,0,random,length,4,length_800_1000,800–1000,5,esm2-35m,0,accuracy,<5,NA,<3,NA,NA,NA,NA,NA,NA,privacy_suppressed
1,confirmatory,v060-length,0,random,length,4,length_800_1000,800–1000,5,esm2-35m,1,balanced_accuracy,<5,NA,<3,NA,NA,NA,NA,NA,NA,privacy_suppressed
1,confirmatory,v060-length,0,random,length,4,length_800_1000,800–1000,5,esm2-35m,2,macro_f1,<5,NA,<3,NA,NA,NA,NA,NA,NA,privacy_suppressed
1,confirmatory,v060-length,0,random,length,0,length_050_199,50–199,6,esm2-150m,0,accuracy,7,7,7,7,NA,NA,NA,NA,NA,insufficient_sequences
1,confirmatory,v060-length,0,random,length,0,length_050_199,50–199,6,esm2-150m,1,balanced_accuracy,7,7,7,7,NA,NA,NA,NA,NA,insufficient_sequences
1,confirmatory,v060-length,0,random,length,0,length_050_199,50–199,6,esm2-150m,2,macro_f1,7,7,7,7,NA,NA,NA,NA,NA,insufficient_sequences
1,confirmatory,v060-length,0,random,length,1,length_200_399,200–399,6,esm2-150m,0,accuracy,44,44,43,43,0.818181818181818,0.697674418604651,0.930272198731501,2000,2026,reportable
1,confirmatory,v060-length,0,random,length,1,length_200_399,200–399,6,esm2-150m,1,balanced_accuracy,44,44,43,43,0.805042016806723,0.66125365497076,0.921804511278195,2000,2026,reportable
1,confirmatory,v060-length,0,random,length,1,length_200_399,200–399,6,esm2-150m,2,macro_f1,44,44,43,43,0.814285714285714,0.664775790101372,0.92066448759319,2000,2026,reportable
1,confirmatory,v060-length,0,random,length,2,length_400_599,400–599,6,esm2-150m,0,accuracy,11,11,11,11,NA,NA,NA,NA,NA,insufficient_sequences
1,confirmatory,v060-length,0,random,length,2,length_400_599,400–599,6,esm2-150m,1,balanced_accuracy,11,11,11,11,NA,NA,NA,NA,NA,insufficient_sequences
1,confirmatory,v060-length,0,random,length,2,length_400_599,400–599,6,esm2-150m,2,macro_f1,11,11,11,11,NA,NA,NA,NA,NA,insufficient_sequences
1,confirmatory,v060-length,0,random,length,3,length_600_799,600–799,6,esm2-150m,0,accuracy,<5,NA,4,NA,NA,NA,NA,NA,NA,privacy_suppressed
1,confirmatory,v060-length,0,random,length,3,length_600_799,600–799,6,esm2-150m,1,balanced_accuracy,<5,NA,4,NA,NA,NA,NA,NA,NA,privacy_suppressed
1,confirmatory,v060-length,0,random,length,3,length_600_799,600–799,6,esm2-150m,2,macro_f1,<5,NA,4,NA,NA,NA,NA,NA,NA,privacy_suppressed
1,confirmatory,v060-length,0,random,length,4,length_800_1000,800–1000,6,esm2-150m,0,accuracy,<5,NA,<3,NA,NA,NA,NA,NA,NA,privacy_suppressed
1,confirmatory,v060-length,0,random,length,4,length_800_1000,800–1000,6,esm2-150m,1,balanced_accuracy,<5,NA,<3,NA,NA,NA,NA,NA,NA,privacy_suppressed
1,confirmatory,v060-length,0,random,length,4,length_800_1000,800–1000,6,esm2-150m,2,macro_f1,<5,NA,<3,NA,NA,NA,NA,NA,NA,privacy_suppressed
1,confirmatory,v060-length,1,cluster70,length,0,length_050_199,50–199,0,majority,0,accuracy,7,7,7,7,NA,NA,NA,NA,NA,insufficient_sequences
1,confirmatory,v060-length,1,cluster70,length,0,length_050_199,50–199,0,majority,1,balanced_accuracy,7,7,7,7,NA,NA,NA,NA,NA,insufficient_sequences
1,confirmatory,v060-length,1,cluster70,length,0,length_050_199,50–199,0,majority,2,macro_f1,7,7,7,7,NA,NA,NA,NA,NA,insufficient_sequences
1,confirmatory,v060-length,1,cluster70,length,1,length_200_399,200–399,0,majority,0,accuracy,38,38,36,36,0.394736842105263,0.236842105263158,0.564189189189189,2000,2026,reportable
1,confirmatory,v060-length,1,cluster70,length,1,length_200_399,200–399,0,majority,1,balanced_accuracy,38,38,36,36,0.2,0.2,0.2,2000,2026,reportable
1,confirmatory,v060-length,1,cluster70,length,1,length_200_399,200–399,0,majority,2,macro_f1,38,38,36,36,0.113207547169811,0.076595744680851,0.142857142857143,2000,2026,reportable
1,confirmatory,v060-length,1,cluster70,length,2,length_400_599,400–599,0,majority,0,accuracy,12,12,12,12,NA,NA,NA,NA,NA,insufficient_sequences
1,confirmatory,v060-length,1,cluster70,length,2,length_400_599,400–599,0,majority,1,balanced_accuracy,12,12,12,12,NA,NA,NA,NA,NA,insufficient_sequences
1,confirmatory,v060-length,1,cluster70,length,2,length_400_599,400–599,0,majority,2,macro_f1,12,12,12,12,NA,NA,NA,NA,NA,insufficient_sequences
1,confirmatory,v060-length,1,cluster70,length,3,length_600_799,600–799,0,majority,0,accuracy,8,8,8,8,NA,NA,NA,NA,NA,insufficient_sequences
1,confirmatory,v060-length,1,cluster70,length,3,length_600_799,600–799,0,majority,1,balanced_accuracy,8,8,8,8,NA,NA,NA,NA,NA,insufficient_sequences
1,confirmatory,v060-length,1,cluster70,length,3,length_600_799,600–799,0,majority,2,macro_f1,8,8,8,8,NA,NA,NA,NA,NA,insufficient_sequences
1,confirmatory,v060-length,1,cluster70,length,4,length_800_1000,800–1000,0,majority,0,accuracy,<5,NA,<3,NA,NA,NA,NA,NA,NA,privacy_suppressed
1,confirmatory,v060-length,1,cluster70,length,4,length_800_1000,800–1000,0,majority,1,balanced_accuracy,<5,NA,<3,NA,NA,NA,NA,NA,NA,privacy_suppressed
1,confirmatory,v060-length,1,cluster70,length,4,length_800_1000,800–1000,0,majority,2,macro_f1,<5,NA,<3,NA,NA,NA,NA,NA,NA,privacy_suppressed
1,confirmatory,v060-length,1,cluster70,length,0,length_050_199,50–199,1,length-logistic,0,accuracy,7,7,7,7,NA,NA,NA,NA,NA,insufficient_sequences
1,confirmatory,v060-length,1,cluster70,length,0,length_050_199,50–199,1,length-logistic,1,balanced_accuracy,7,7,7,7,NA,NA,NA,NA,NA,insufficient_sequences
1,confirmatory,v060-length,1,cluster70,length,0,length_050_199,50–199,1,length-logistic,2,macro_f1,7,7,7,7,NA,NA,NA,NA,NA,insufficient_sequences
1,confirmatory,v060-length,1,cluster70,length,1,length_200_399,200–399,1,length-logistic,0,accuracy,38,38,36,36,0.210526315789474,0.094940476190476,0.351351351351351,2000,2026,reportable
1,confirmatory,v060-length,1,cluster70,length,1,length_200_399,200–399,1,length-logistic,1,balanced_accuracy,38,38,36,36,0.23,0.127590964590965,0.32,2000,2026,reportable
1,confirmatory,v060-length,1,cluster70,length,1,length_200_399,200–399,1,length-logistic,2,macro_f1,38,38,36,36,0.138181818181818,0.051666666666667,0.224983084147149,2000,2026,reportable
1,confirmatory,v060-length,1,cluster70,length,2,length_400_599,400–599,1,length-logistic,0,accuracy,12,12,12,12,NA,NA,NA,NA,NA,insufficient_sequences
1,confirmatory,v060-length,1,cluster70,length,2,length_400_599,400–599,1,length-logistic,1,balanced_accuracy,12,12,12,12,NA,NA,NA,NA,NA,insufficient_sequences
1,confirmatory,v060-length,1,cluster70,length,2,length_400_599,400–599,1,length-logistic,2,macro_f1,12,12,12,12,NA,NA,NA,NA,NA,insufficient_sequences
1,confirmatory,v060-length,1,cluster70,length,3,length_600_799,600–799,1,length-logistic,0,accuracy,8,8,8,8,NA,NA,NA,NA,NA,insufficient_sequences
1,confirmatory,v060-length,1,cluster70,length,3,length_600_799,600–799,1,length-logistic,1,balanced_accuracy,8,8,8,8,NA,NA,NA,NA,NA,insufficient_sequences
1,confirmatory,v060-length,1,cluster70,length,3,length_600_799,600–799,1,length-logistic,2,macro_f1,8,8,8,8,NA,NA,NA,NA,NA,insufficient_sequences
1,confirmatory,v060-length,1,cluster70,length,4,length_800_1000,800–1000,1,length-logistic,0,accuracy,<5,NA,<3,NA,NA,NA,NA,NA,NA,privacy_suppressed
1,confirmatory,v060-length,1,cluster70,length,4,length_800_1000,800–1000,1,length-logistic,1,balanced_accuracy,<5,NA,<3,NA,NA,NA,NA,NA,NA,privacy_suppressed
1,confirmatory,v060-length,1,cluster70,length,4,length_800_1000,800–1000,1,length-logistic,2,macro_f1,<5,NA,<3,NA,NA,NA,NA,NA,NA,privacy_suppressed
1,confirmatory,v060-length,1,cluster70,length,0,length_050_199,50–199,2,aac-logistic,0,accuracy,7,7,7,7,NA,NA,NA,NA,NA,insufficient_sequences
1,confirmatory,v060-length,1,cluster70,length,0,length_050_199,50–199,2,aac-logistic,1,balanced_accuracy,7,7,7,7,NA,NA,NA,NA,NA,insufficient_sequences
1,confirmatory,v060-length,1,cluster70,length,0,length_050_199,50–199,2,aac-logistic,2,macro_f1,7,7,7,7,NA,NA,NA,NA,NA,insufficient_sequences
1,confirmatory,v060-length,1,cluster70,length,1,length_200_399,200–399,2,aac-logistic,0,accuracy,38,38,36,36,0.342105263157895,0.184210526315789,0.5,2000,2026,reportable
1,confirmatory,v060-length,1,cluster70,length,1,length_200_399,200–399,2,aac-logistic,1,balanced_accuracy,38,38,36,36,0.311666666666667,0.147616354234001,0.434630895420369,2000,2026,reportable
1,confirmatory,v060-length,1,cluster70,length,1,length_200_399,200–399,2,aac-logistic,2,macro_f1,38,38,36,36,0.298067632850242,0.148325852922821,0.403763636363636,2000,2026,reportable
1,confirmatory,v060-length,1,cluster70,length,2,length_400_599,400–599,2,aac-logistic,0,accuracy,12,12,12,12,NA,NA,NA,NA,NA,insufficient_sequences
1,confirmatory,v060-length,1,cluster70,length,2,length_400_599,400–599,2,aac-logistic,1,balanced_accuracy,12,12,12,12,NA,NA,NA,NA,NA,insufficient_sequences
1,confirmatory,v060-length,1,cluster70,length,2,length_400_599,400–599,2,aac-logistic,2,macro_f1,12,12,12,12,NA,NA,NA,NA,NA,insufficient_sequences
1,confirmatory,v060-length,1,cluster70,length,3,length_600_799,600–799,2,aac-logistic,0,accuracy,8,8,8,8,NA,NA,NA,NA,NA,insufficient_sequences
1,confirmatory,v060-length,1,cluster70,length,3,length_600_799,600–799,2,aac-logistic,1,balanced_accuracy,8,8,8,8,NA,NA,NA,NA,NA,insufficient_sequences
1,confirmatory,v060-length,1,cluster70,length,3,length_600_799,600–799,2,aac-logistic,2,macro_f1,8,8,8,8,NA,NA,NA,NA,NA,insufficient_sequences
1,confirmatory,v060-length,1,cluster70,length,4,length_800_1000,800–1000,2,aac-logistic,0,accuracy,<5,NA,<3,NA,NA,NA,NA,NA,NA,privacy_suppressed
1,confirmatory,v060-length,1,cluster70,length,4,length_800_1000,800–1000,2,aac-logistic,1,balanced_accuracy,<5,NA,<3,NA,NA,NA,NA,NA,NA,privacy_suppressed
1,confirmatory,v060-length,1,cluster70,length,4,length_800_1000,800–1000,2,aac-logistic,2,macro_f1,<5,NA,<3,NA,NA,NA,NA,NA,NA,privacy_suppressed
1,confirmatory,v060-length,1,cluster70,length,0,length_050_199,50–199,3,kmer3-logistic,0,accuracy,7,7,7,7,NA,NA,NA,NA,NA,insufficient_sequences
1,confirmatory,v060-length,1,cluster70,length,0,length_050_199,50–199,3,kmer3-logistic,1,balanced_accuracy,7,7,7,7,NA,NA,NA,NA,NA,insufficient_sequences
1,confirmatory,v060-length,1,cluster70,length,0,length_050_199,50–199,3,kmer3-logistic,2,macro_f1,7,7,7,7,NA,NA,NA,NA,NA,insufficient_sequences
1,confirmatory,v060-length,1,cluster70,length,1,length_200_399,200–399,3,kmer3-logistic,0,accuracy,38,38,36,36,0.5,0.333333333333333,0.657894736842105,2000,2026,reportable
1,confirmatory,v060-length,1,cluster70,length,1,length_200_399,200–399,3,kmer3-logistic,1,balanced_accuracy,38,38,36,36,0.491666666666667,0.297203947368421,0.663434419381788,2000,2026,reportable
1,confirmatory,v060-length,1,cluster70,length,1,length_200_399,200–399,3,kmer3-logistic,2,macro_f1,38,38,36,36,0.473333333333333,0.259027934419382,0.635934139784946,2000,2026,reportable
1,confirmatory,v060-length,1,cluster70,length,2,length_400_599,400–599,3,kmer3-logistic,0,accuracy,12,12,12,12,NA,NA,NA,NA,NA,insufficient_sequences
1,confirmatory,v060-length,1,cluster70,length,2,length_400_599,400–599,3,kmer3-logistic,1,balanced_accuracy,12,12,12,12,NA,NA,NA,NA,NA,insufficient_sequences
1,confirmatory,v060-length,1,cluster70,length,2,length_400_599,400–599,3,kmer3-logistic,2,macro_f1,12,12,12,12,NA,NA,NA,NA,NA,insufficient_sequences
1,confirmatory,v060-length,1,cluster70,length,3,length_600_799,600–799,3,kmer3-logistic,0,accuracy,8,8,8,8,NA,NA,NA,NA,NA,insufficient_sequences
1,confirmatory,v060-length,1,cluster70,length,3,length_600_799,600–799,3,kmer3-logistic,1,balanced_accuracy,8,8,8,8,NA,NA,NA,NA,NA,insufficient_sequences
1,confirmatory,v060-length,1,cluster70,length,3,length_600_799,600–799,3,kmer3-logistic,2,macro_f1,8,8,8,8,NA,NA,NA,NA,NA,insufficient_sequences
1,confirmatory,v060-length,1,cluster70,length,4,length_800_1000,800–1000,3,kmer3-logistic,0,accuracy,<5,NA,<3,NA,NA,NA,NA,NA,NA,privacy_suppressed
1,confirmatory,v060-length,1,cluster70,length,4,length_800_1000,800–1000,3,kmer3-logistic,1,balanced_accuracy,<5,NA,<3,NA,NA,NA,NA,NA,NA,privacy_suppressed
1,confirmatory,v060-length,1,cluster70,length,4,length_800_1000,800–1000,3,kmer3-logistic,2,macro_f1,<5,NA,<3,NA,NA,NA,NA,NA,NA,privacy_suppressed
1,confirmatory,v060-length,1,cluster70,length,0,length_050_199,50–199,4,nearest-homolog,0,accuracy,7,7,7,7,NA,NA,NA,NA,NA,insufficient_sequences
1,confirmatory,v060-length,1,cluster70,length,0,length_050_199,50–199,4,nearest-homolog,1,balanced_accuracy,7,7,7,7,NA,NA,NA,NA,NA,insufficient_sequences
1,confirmatory,v060-length,1,cluster70,length,0,length_050_199,50–199,4,nearest-homolog,2,macro_f1,7,7,7,7,NA,NA,NA,NA,NA,insufficient_sequences
1,confirmatory,v060-length,1,cluster70,length,1,length_200_399,200–399,4,nearest-homolog,0,accuracy,38,38,36,36,0.605263157894737,0.432432432432432,0.763157894736842,2000,2026,reportable
1,confirmatory,v060-length,1,cluster70,length,1,length_200_399,200–399,4,nearest-homolog,1,balanced_accuracy,38,38,36,36,0.5,0.4,0.644444444444444,2000,2026,reportable
1,confirmatory,v060-length,1,cluster70,length,1,length_200_399,200–399,4,nearest-homolog,2,macro_f1,38,38,36,36,0.493333333333333,0.325,0.623558197747184,2000,2026,reportable
1,confirmatory,v060-length,1,cluster70,length,2,length_400_599,400–599,4,nearest-homolog,0,accuracy,12,12,12,12,NA,NA,NA,NA,NA,insufficient_sequences
1,confirmatory,v060-length,1,cluster70,length,2,length_400_599,400–599,4,nearest-homolog,1,balanced_accuracy,12,12,12,12,NA,NA,NA,NA,NA,insufficient_sequences
1,confirmatory,v060-length,1,cluster70,length,2,length_400_599,400–599,4,nearest-homolog,2,macro_f1,12,12,12,12,NA,NA,NA,NA,NA,insufficient_sequences
1,confirmatory,v060-length,1,cluster70,length,3,length_600_799,600–799,4,nearest-homolog,0,accuracy,8,8,8,8,NA,NA,NA,NA,NA,insufficient_sequences
1,confirmatory,v060-length,1,cluster70,length,3,length_600_799,600–799,4,nearest-homolog,1,balanced_accuracy,8,8,8,8,NA,NA,NA,NA,NA,insufficient_sequences
1,confirmatory,v060-length,1,cluster70,length,3,length_600_799,600–799,4,nearest-homolog,2,macro_f1,8,8,8,8,NA,NA,NA,NA,NA,insufficient_sequences
1,confirmatory,v060-length,1,cluster70,length,4,length_800_1000,800–1000,4,nearest-homolog,0,accuracy,<5,NA,<3,NA,NA,NA,NA,NA,NA,privacy_suppressed
1,confirmatory,v060-length,1,cluster70,length,4,length_800_1000,800–1000,4,nearest-homolog,1,balanced_accuracy,<5,NA,<3,NA,NA,NA,NA,NA,NA,privacy_suppressed
1,confirmatory,v060-length,1,cluster70,length,4,length_800_1000,800–1000,4,nearest-homolog,2,macro_f1,<5,NA,<3,NA,NA,NA,NA,NA,NA,privacy_suppressed
1,confirmatory,v060-length,1,cluster70,length,0,length_050_199,50–199,5,esm2-35m,0,accuracy,7,7,7,7,NA,NA,NA,NA,NA,insufficient_sequences
1,confirmatory,v060-length,1,cluster70,length,0,length_050_199,50–199,5,esm2-35m,1,balanced_accuracy,7,7,7,7,NA,NA,NA,NA,NA,insufficient_sequences
1,confirmatory,v060-length,1,cluster70,length,0,length_050_199,50–199,5,esm2-35m,2,macro_f1,7,7,7,7,NA,NA,NA,NA,NA,insufficient_sequences
1,confirmatory,v060-length,1,cluster70,length,1,length_200_399,200–399,5,esm2-35m,0,accuracy,38,38,36,36,0.736842105263158,0.583333333333333,0.871794871794872,2000,2026,reportable
1,confirmatory,v060-length,1,cluster70,length,1,length_200_399,200–399,5,esm2-35m,1,balanced_accuracy,38,38,36,36,0.698333333333333,0.513485644257703,0.860724206349206,2000,2026,reportable
1,confirmatory,v060-length,1,cluster70,length,1,length_200_399,200–399,5,esm2-35m,2,macro_f1,38,38,36,36,0.701898101898102,0.484970238095238,0.848596861471861,2000,2026,reportable
1,confirmatory,v060-length,1,cluster70,length,2,length_400_599,400–599,5,esm2-35m,0,accuracy,12,12,12,12,NA,NA,NA,NA,NA,insufficient_sequences
1,confirmatory,v060-length,1,cluster70,length,2,length_400_599,400–599,5,esm2-35m,1,balanced_accuracy,12,12,12,12,NA,NA,NA,NA,NA,insufficient_sequences
1,confirmatory,v060-length,1,cluster70,length,2,length_400_599,400–599,5,esm2-35m,2,macro_f1,12,12,12,12,NA,NA,NA,NA,NA,insufficient_sequences
1,confirmatory,v060-length,1,cluster70,length,3,length_600_799,600–799,5,esm2-35m,0,accuracy,8,8,8,8,NA,NA,NA,NA,NA,insufficient_sequences
1,confirmatory,v060-length,1,cluster70,length,3,length_600_799,600–799,5,esm2-35m,1,balanced_accuracy,8,8,8,8,NA,NA,NA,NA,NA,insufficient_sequences
1,confirmatory,v060-length,1,cluster70,length,3,length_600_799,600–799,5,esm2-35m,2,macro_f1,8,8,8,8,NA,NA,NA,NA,NA,insufficient_sequences
1,confirmatory,v060-length,1,cluster70,length,4,length_800_1000,800–1000,5,esm2-35m,0,accuracy,<5,NA,<3,NA,NA,NA,NA,NA,NA,privacy_suppressed
1,confirmatory,v060-length,1,cluster70,length,4,length_800_1000,800–1000,5,esm2-35m,1,balanced_accuracy,<5,NA,<3,NA,NA,NA,NA,NA,NA,privacy_suppressed
1,confirmatory,v060-length,1,cluster70,length,4,length_800_1000,800–1000,5,esm2-35m,2,macro_f1,<5,NA,<3,NA,NA,NA,NA,NA,NA,privacy_suppressed
1,confirmatory,v060-length,1,cluster70,length,0,length_050_199,50–199,6,esm2-150m,0,accuracy,7,7,7,7,NA,NA,NA,NA,NA,insufficient_sequences
1,confirmatory,v060-length,1,cluster70,length,0,length_050_199,50–199,6,esm2-150m,1,balanced_accuracy,7,7,7,7,NA,NA,NA,NA,NA,insufficient_sequences
1,confirmatory,v060-length,1,cluster70,length,0,length_050_199,50–199,6,esm2-150m,2,macro_f1,7,7,7,7,NA,NA,NA,NA,NA,insufficient_sequences
1,confirmatory,v060-length,1,cluster70,length,1,length_200_399,200–399,6,esm2-150m,0,accuracy,38,38,36,36,0.842105263157895,0.717948717948718,0.94875,2000,2026,reportable
1,confirmatory,v060-length,1,cluster70,length,1,length_200_399,200–399,6,esm2-150m,1,balanced_accuracy,38,38,36,36,0.796666666666667,0.603963492063492,0.935100076394194,2000,2026,reportable
1,confirmatory,v060-length,1,cluster70,length,1,length_200_399,200–399,6,esm2-150m,2,macro_f1,38,38,36,36,0.79888045540797,0.592200216450216,0.928314422419685,2000,2026,reportable
1,confirmatory,v060-length,1,cluster70,length,2,length_400_599,400–599,6,esm2-150m,0,accuracy,12,12,12,12,NA,NA,NA,NA,NA,insufficient_sequences
1,confirmatory,v060-length,1,cluster70,length,2,length_400_599,400–599,6,esm2-150m,1,balanced_accuracy,12,12,12,12,NA,NA,NA,NA,NA,insufficient_sequences
1,confirmatory,v060-length,1,cluster70,length,2,length_400_599,400–599,6,esm2-150m,2,macro_f1,12,12,12,12,NA,NA,NA,NA,NA,insufficient_sequences
1,confirmatory,v060-length,1,cluster70,length,3,length_600_799,600–799,6,esm2-150m,0,accuracy,8,8,8,8,NA,NA,NA,NA,NA,insufficient_sequences
1,confirmatory,v060-length,1,cluster70,length,3,length_600_799,600–799,6,esm2-150m,1,balanced_accuracy,8,8,8,8,NA,NA,NA,NA,NA,insufficient_sequences
1,confirmatory,v060-length,1,cluster70,length,3,length_600_799,600–799,6,esm2-150m,2,macro_f1,8,8,8,8,NA,NA,NA,NA,NA,insufficient_sequences
1,confirmatory,v060-length,1,cluster70,length,4,length_800_1000,800–1000,6,esm2-150m,0,accuracy,<5,NA,<3,NA,NA,NA,NA,NA,NA,privacy_suppressed
1,confirmatory,v060-length,1,cluster70,length,4,length_800_1000,800–1000,6,esm2-150m,1,balanced_accuracy,<5,NA,<3,NA,NA,NA,NA,NA,NA,privacy_suppressed
1,confirmatory,v060-length,1,cluster70,length,4,length_800_1000,800–1000,6,esm2-150m,2,macro_f1,<5,NA,<3,NA,NA,NA,NA,NA,NA,privacy_suppressed
1,confirmatory,v060-length,2,cluster50,length,0,length_050_199,50–199,0,majority,0,accuracy,9,9,8,8,NA,NA,NA,NA,NA,insufficient_sequences
1,confirmatory,v060-length,2,cluster50,length,0,length_050_199,50–199,0,majority,1,balanced_accuracy,9,9,8,8,NA,NA,NA,NA,NA,insufficient_sequences
1,confirmatory,v060-length,2,cluster50,length,0,length_050_199,50–199,0,majority,2,macro_f1,9,9,8,8,NA,NA,NA,NA,NA,insufficient_sequences
1,confirmatory,v060-length,2,cluster50,length,1,length_200_399,200–399,0,majority,0,accuracy,43,43,38,38,0.325581395348837,0.190365448504983,0.487179487179487,2000,2026,reportable
1,confirmatory,v060-length,2,cluster50,length,1,length_200_399,200–399,0,majority,1,balanced_accuracy,43,43,38,38,0.2,0.2,0.2,2000,2026,reportable
1,confirmatory,v060-length,2,cluster50,length,1,length_200_399,200–399,0,majority,2,macro_f1,43,43,38,38,0.098245614035088,0.061538461538462,0.131147540983607,2000,2026,reportable
1,confirmatory,v060-length,2,cluster50,length,2,length_400_599,400–599,0,majority,0,accuracy,9,9,9,9,NA,NA,NA,NA,NA,insufficient_sequences
1,confirmatory,v060-length,2,cluster50,length,2,length_400_599,400–599,0,majority,1,balanced_accuracy,9,9,9,9,NA,NA,NA,NA,NA,insufficient_sequences
1,confirmatory,v060-length,2,cluster50,length,2,length_400_599,400–599,0,majority,2,macro_f1,9,9,9,9,NA,NA,NA,NA,NA,insufficient_sequences
1,confirmatory,v060-length,2,cluster50,length,3,length_600_799,600–799,0,majority,0,accuracy,5,5,4,4,NA,NA,NA,NA,NA,insufficient_sequences
1,confirmatory,v060-length,2,cluster50,length,3,length_600_799,600–799,0,majority,1,balanced_accuracy,5,5,4,4,NA,NA,NA,NA,NA,insufficient_sequences
1,confirmatory,v060-length,2,cluster50,length,3,length_600_799,600–799,0,majority,2,macro_f1,5,5,4,4,NA,NA,NA,NA,NA,insufficient_sequences
1,confirmatory,v060-length,2,cluster50,length,4,length_800_1000,800–1000,0,majority,0,accuracy,<5,NA,<3,NA,NA,NA,NA,NA,NA,privacy_suppressed
1,confirmatory,v060-length,2,cluster50,length,4,length_800_1000,800–1000,0,majority,1,balanced_accuracy,<5,NA,<3,NA,NA,NA,NA,NA,NA,privacy_suppressed
1,confirmatory,v060-length,2,cluster50,length,4,length_800_1000,800–1000,0,majority,2,macro_f1,<5,NA,<3,NA,NA,NA,NA,NA,NA,privacy_suppressed
1,confirmatory,v060-length,2,cluster50,length,0,length_050_199,50–199,1,length-logistic,0,accuracy,9,9,8,8,NA,NA,NA,NA,NA,insufficient_sequences
1,confirmatory,v060-length,2,cluster50,length,0,length_050_199,50–199,1,length-logistic,1,balanced_accuracy,9,9,8,8,NA,NA,NA,NA,NA,insufficient_sequences
1,confirmatory,v060-length,2,cluster50,length,0,length_050_199,50–199,1,length-logistic,2,macro_f1,9,9,8,8,NA,NA,NA,NA,NA,insufficient_sequences
1,confirmatory,v060-length,2,cluster50,length,1,length_200_399,200–399,1,length-logistic,0,accuracy,43,43,38,38,0.255813953488372,0.10863783533765,0.404761904761905,2000,2026,reportable
1,confirmatory,v060-length,2,cluster50,length,1,length_200_399,200–399,1,length-logistic,1,balanced_accuracy,43,43,38,38,0.253571428571429,0.133333333333333,0.381844155844156,2000,2026,reportable
1,confirmatory,v060-length,2,cluster50,length,1,length_200_399,200–399,1,length-logistic,2,macro_f1,43,43,38,38,0.181729323308271,0.064748917748918,0.285285873546743,2000,2026,reportable
1,confirmatory,v060-length,2,cluster50,length,2,length_400_599,400–599,1,length-logistic,0,accuracy,9,9,9,9,NA,NA,NA,NA,NA,insufficient_sequences
1,confirmatory,v060-length,2,cluster50,length,2,length_400_599,400–599,1,length-logistic,1,balanced_accuracy,9,9,9,9,NA,NA,NA,NA,NA,insufficient_sequences
1,confirmatory,v060-length,2,cluster50,length,2,length_400_599,400–599,1,length-logistic,2,macro_f1,9,9,9,9,NA,NA,NA,NA,NA,insufficient_sequences
1,confirmatory,v060-length,2,cluster50,length,3,length_600_799,600–799,1,length-logistic,0,accuracy,5,5,4,4,NA,NA,NA,NA,NA,insufficient_sequences
1,confirmatory,v060-length,2,cluster50,length,3,length_600_799,600–799,1,length-logistic,1,balanced_accuracy,5,5,4,4,NA,NA,NA,NA,NA,insufficient_sequences
1,confirmatory,v060-length,2,cluster50,length,3,length_600_799,600–799,1,length-logistic,2,macro_f1,5,5,4,4,NA,NA,NA,NA,NA,insufficient_sequences
1,confirmatory,v060-length,2,cluster50,length,4,length_800_1000,800–1000,1,length-logistic,0,accuracy,<5,NA,<3,NA,NA,NA,NA,NA,NA,privacy_suppressed
1,confirmatory,v060-length,2,cluster50,length,4,length_800_1000,800–1000,1,length-logistic,1,balanced_accuracy,<5,NA,<3,NA,NA,NA,NA,NA,NA,privacy_suppressed
1,confirmatory,v060-length,2,cluster50,length,4,length_800_1000,800–1000,1,length-logistic,2,macro_f1,<5,NA,<3,NA,NA,NA,NA,NA,NA,privacy_suppressed
1,confirmatory,v060-length,2,cluster50,length,0,length_050_199,50–199,2,aac-logistic,0,accuracy,9,9,8,8,NA,NA,NA,NA,NA,insufficient_sequences
1,confirmatory,v060-length,2,cluster50,length,0,length_050_199,50–199,2,aac-logistic,1,balanced_accuracy,9,9,8,8,NA,NA,NA,NA,NA,insufficient_sequences
1,confirmatory,v060-length,2,cluster50,length,0,length_050_199,50–199,2,aac-logistic,2,macro_f1,9,9,8,8,NA,NA,NA,NA,NA,insufficient_sequences
1,confirmatory,v060-length,2,cluster50,length,1,length_200_399,200–399,2,aac-logistic,0,accuracy,43,43,38,38,0.372093023255814,0.222222222222222,0.534883720930233,2000,2026,reportable
1,confirmatory,v060-length,2,cluster50,length,1,length_200_399,200–399,2,aac-logistic,1,balanced_accuracy,43,43,38,38,0.397857142857143,0.235547619047619,0.576424369747899,2000,2026,reportable
1,confirmatory,v060-length,2,cluster50,length,1,length_200_399,200–399,2,aac-logistic,2,macro_f1,43,43,38,38,0.382307692307692,0.214135101010101,0.525676419942287,2000,2026,reportable
1,confirmatory,v060-length,2,cluster50,length,2,length_400_599,400–599,2,aac-logistic,0,accuracy,9,9,9,9,NA,NA,NA,NA,NA,insufficient_sequences
1,confirmatory,v060-length,2,cluster50,length,2,length_400_599,400–599,2,aac-logistic,1,balanced_accuracy,9,9,9,9,NA,NA,NA,NA,NA,insufficient_sequences
1,confirmatory,v060-length,2,cluster50,length,2,length_400_599,400–599,2,aac-logistic,2,macro_f1,9,9,9,9,NA,NA,NA,NA,NA,insufficient_sequences
1,confirmatory,v060-length,2,cluster50,length,3,length_600_799,600–799,2,aac-logistic,0,accuracy,5,5,4,4,NA,NA,NA,NA,NA,insufficient_sequences
1,confirmatory,v060-length,2,cluster50,length,3,length_600_799,600–799,2,aac-logistic,1,balanced_accuracy,5,5,4,4,NA,NA,NA,NA,NA,insufficient_sequences
1,confirmatory,v060-length,2,cluster50,length,3,length_600_799,600–799,2,aac-logistic,2,macro_f1,5,5,4,4,NA,NA,NA,NA,NA,insufficient_sequences
1,confirmatory,v060-length,2,cluster50,length,4,length_800_1000,800–1000,2,aac-logistic,0,accuracy,<5,NA,<3,NA,NA,NA,NA,NA,NA,privacy_suppressed
1,confirmatory,v060-length,2,cluster50,length,4,length_800_1000,800–1000,2,aac-logistic,1,balanced_accuracy,<5,NA,<3,NA,NA,NA,NA,NA,NA,privacy_suppressed
1,confirmatory,v060-length,2,cluster50,length,4,length_800_1000,800–1000,2,aac-logistic,2,macro_f1,<5,NA,<3,NA,NA,NA,NA,NA,NA,privacy_suppressed
1,confirmatory,v060-length,2,cluster50,length,0,length_050_199,50–199,3,kmer3-logistic,0,accuracy,9,9,8,8,NA,NA,NA,NA,NA,insufficient_sequences
1,confirmatory,v060-length,2,cluster50,length,0,length_050_199,50–199,3,kmer3-logistic,1,balanced_accuracy,9,9,8,8,NA,NA,NA,NA,NA,insufficient_sequences
1,confirmatory,v060-length,2,cluster50,length,0,length_050_199,50–199,3,kmer3-logistic,2,macro_f1,9,9,8,8,NA,NA,NA,NA,NA,insufficient_sequences
1,confirmatory,v060-length,2,cluster50,length,1,length_200_399,200–399,3,kmer3-logistic,0,accuracy,43,43,38,38,0.488372093023256,0.326086956521739,0.650029069767442,2000,2026,reportable
1,confirmatory,v060-length,2,cluster50,length,1,length_200_399,200–399,3,kmer3-logistic,1,balanced_accuracy,43,43,38,38,0.462857142857143,0.277774509803922,0.620923625394214,2000,2026,reportable
1,confirmatory,v060-length,2,cluster50,length,1,length_200_399,200–399,3,kmer3-logistic,2,macro_f1,43,43,38,38,0.459219219219219,0.261075783972125,0.597618881118881,2000,2026,reportable
1,confirmatory,v060-length,2,cluster50,length,2,length_400_599,400–599,3,kmer3-logistic,0,accuracy,9,9,9,9,NA,NA,NA,NA,NA,insufficient_sequences
1,confirmatory,v060-length,2,cluster50,length,2,length_400_599,400–599,3,kmer3-logistic,1,balanced_accuracy,9,9,9,9,NA,NA,NA,NA,NA,insufficient_sequences
1,confirmatory,v060-length,2,cluster50,length,2,length_400_599,400–599,3,kmer3-logistic,2,macro_f1,9,9,9,9,NA,NA,NA,NA,NA,insufficient_sequences
1,confirmatory,v060-length,2,cluster50,length,3,length_600_799,600–799,3,kmer3-logistic,0,accuracy,5,5,4,4,NA,NA,NA,NA,NA,insufficient_sequences
1,confirmatory,v060-length,2,cluster50,length,3,length_600_799,600–799,3,kmer3-logistic,1,balanced_accuracy,5,5,4,4,NA,NA,NA,NA,NA,insufficient_sequences
1,confirmatory,v060-length,2,cluster50,length,3,length_600_799,600–799,3,kmer3-logistic,2,macro_f1,5,5,4,4,NA,NA,NA,NA,NA,insufficient_sequences
1,confirmatory,v060-length,2,cluster50,length,4,length_800_1000,800–1000,3,kmer3-logistic,0,accuracy,<5,NA,<3,NA,NA,NA,NA,NA,NA,privacy_suppressed
1,confirmatory,v060-length,2,cluster50,length,4,length_800_1000,800–1000,3,kmer3-logistic,1,balanced_accuracy,<5,NA,<3,NA,NA,NA,NA,NA,NA,privacy_suppressed
1,confirmatory,v060-length,2,cluster50,length,4,length_800_1000,800–1000,3,kmer3-logistic,2,macro_f1,<5,NA,<3,NA,NA,NA,NA,NA,NA,privacy_suppressed
1,confirmatory,v060-length,2,cluster50,length,0,length_050_199,50–199,4,nearest-homolog,0,accuracy,9,9,8,8,NA,NA,NA,NA,NA,insufficient_sequences
1,confirmatory,v060-length,2,cluster50,length,0,length_050_199,50–199,4,nearest-homolog,1,balanced_accuracy,9,9,8,8,NA,NA,NA,NA,NA,insufficient_sequences
1,confirmatory,v060-length,2,cluster50,length,0,length_050_199,50–199,4,nearest-homolog,2,macro_f1,9,9,8,8,NA,NA,NA,NA,NA,insufficient_sequences
1,confirmatory,v060-length,2,cluster50,length,1,length_200_399,200–399,4,nearest-homolog,0,accuracy,43,43,38,38,0.534883720930233,0.380952380952381,0.69047619047619,2000,2026,reportable
1,confirmatory,v060-length,2,cluster50,length,1,length_200_399,200–399,4,nearest-homolog,1,balanced_accuracy,43,43,38,38,0.44,0.304264069264069,0.601113095238095,2000,2026,reportable
1,confirmatory,v060-length,2,cluster50,length,1,length_200_399,200–399,4,nearest-homolog,2,macro_f1,43,43,38,38,0.461623931623932,0.250971616618675,0.6185670995671,2000,2026,reportable
1,confirmatory,v060-length,2,cluster50,length,2,length_400_599,400–599,4,nearest-homolog,0,accuracy,9,9,9,9,NA,NA,NA,NA,NA,insufficient_sequences
1,confirmatory,v060-length,2,cluster50,length,2,length_400_599,400–599,4,nearest-homolog,1,balanced_accuracy,9,9,9,9,NA,NA,NA,NA,NA,insufficient_sequences
1,confirmatory,v060-length,2,cluster50,length,2,length_400_599,400–599,4,nearest-homolog,2,macro_f1,9,9,9,9,NA,NA,NA,NA,NA,insufficient_sequences
1,confirmatory,v060-length,2,cluster50,length,3,length_600_799,600–799,4,nearest-homolog,0,accuracy,5,5,4,4,NA,NA,NA,NA,NA,insufficient_sequences
1,confirmatory,v060-length,2,cluster50,length,3,length_600_799,600–799,4,nearest-homolog,1,balanced_accuracy,5,5,4,4,NA,NA,NA,NA,NA,insufficient_sequences
1,confirmatory,v060-length,2,cluster50,length,3,length_600_799,600–799,4,nearest-homolog,2,macro_f1,5,5,4,4,NA,NA,NA,NA,NA,insufficient_sequences
1,confirmatory,v060-length,2,cluster50,length,4,length_800_1000,800–1000,4,nearest-homolog,0,accuracy,<5,NA,<3,NA,NA,NA,NA,NA,NA,privacy_suppressed
1,confirmatory,v060-length,2,cluster50,length,4,length_800_1000,800–1000,4,nearest-homolog,1,balanced_accuracy,<5,NA,<3,NA,NA,NA,NA,NA,NA,privacy_suppressed
1,confirmatory,v060-length,2,cluster50,length,4,length_800_1000,800–1000,4,nearest-homolog,2,macro_f1,<5,NA,<3,NA,NA,NA,NA,NA,NA,privacy_suppressed
1,confirmatory,v060-length,2,cluster50,length,0,length_050_199,50–199,5,esm2-35m,0,accuracy,9,9,8,8,NA,NA,NA,NA,NA,insufficient_sequences
1,confirmatory,v060-length,2,cluster50,length,0,length_050_199,50–199,5,esm2-35m,1,balanced_accuracy,9,9,8,8,NA,NA,NA,NA,NA,insufficient_sequences
1,confirmatory,v060-length,2,cluster50,length,0,length_050_199,50–199,5,esm2-35m,2,macro_f1,9,9,8,8,NA,NA,NA,NA,NA,insufficient_sequences
1,confirmatory,v060-length,2,cluster50,length,1,length_200_399,200–399,5,esm2-35m,0,accuracy,43,43,38,38,0.837209302325581,0.704545454545455,0.952380952380952,2000,2026,reportable
1,confirmatory,v060-length,2,cluster50,length,1,length_200_399,200–399,5,esm2-35m,1,balanced_accuracy,43,43,38,38,0.805714285714286,0.6375,0.936145833333333,2000,2026,reportable
1,confirmatory,v060-length,2,cluster50,length,1,length_200_399,200–399,5,esm2-35m,2,macro_f1,43,43,38,38,0.820262943887232,0.610429219600726,0.934923589341693,2000,2026,reportable
1,confirmatory,v060-length,2,cluster50,length,2,length_400_599,400–599,5,esm2-35m,0,accuracy,9,9,9,9,NA,NA,NA,NA,NA,insufficient_sequences
1,confirmatory,v060-length,2,cluster50,length,2,length_400_599,400–599,5,esm2-35m,1,balanced_accuracy,9,9,9,9,NA,NA,NA,NA,NA,insufficient_sequences
1,confirmatory,v060-length,2,cluster50,length,2,length_400_599,400–599,5,esm2-35m,2,macro_f1,9,9,9,9,NA,NA,NA,NA,NA,insufficient_sequences
1,confirmatory,v060-length,2,cluster50,length,3,length_600_799,600–799,5,esm2-35m,0,accuracy,5,5,4,4,NA,NA,NA,NA,NA,insufficient_sequences
1,confirmatory,v060-length,2,cluster50,length,3,length_600_799,600–799,5,esm2-35m,1,balanced_accuracy,5,5,4,4,NA,NA,NA,NA,NA,insufficient_sequences
1,confirmatory,v060-length,2,cluster50,length,3,length_600_799,600–799,5,esm2-35m,2,macro_f1,5,5,4,4,NA,NA,NA,NA,NA,insufficient_sequences
1,confirmatory,v060-length,2,cluster50,length,4,length_800_1000,800–1000,5,esm2-35m,0,accuracy,<5,NA,<3,NA,NA,NA,NA,NA,NA,privacy_suppressed
1,confirmatory,v060-length,2,cluster50,length,4,length_800_1000,800–1000,5,esm2-35m,1,balanced_accuracy,<5,NA,<3,NA,NA,NA,NA,NA,NA,privacy_suppressed
1,confirmatory,v060-length,2,cluster50,length,4,length_800_1000,800–1000,5,esm2-35m,2,macro_f1,<5,NA,<3,NA,NA,NA,NA,NA,NA,privacy_suppressed
1,confirmatory,v060-length,2,cluster50,length,0,length_050_199,50–199,6,esm2-150m,0,accuracy,9,9,8,8,NA,NA,NA,NA,NA,insufficient_sequences
1,confirmatory,v060-length,2,cluster50,length,0,length_050_199,50–199,6,esm2-150m,1,balanced_accuracy,9,9,8,8,NA,NA,NA,NA,NA,insufficient_sequences
1,confirmatory,v060-length,2,cluster50,length,0,length_050_199,50–199,6,esm2-150m,2,macro_f1,9,9,8,8,NA,NA,NA,NA,NA,insufficient_sequences
1,confirmatory,v060-length,2,cluster50,length,1,length_200_399,200–399,6,esm2-150m,0,accuracy,43,43,38,38,0.86046511627907,0.738010204081633,0.975,2000,2026,reportable
1,confirmatory,v060-length,2,cluster50,length,1,length_200_399,200–399,6,esm2-150m,1,balanced_accuracy,43,43,38,38,0.845714285714286,0.658087301587302,0.963245320855615,2000,2026,reportable
1,confirmatory,v060-length,2,cluster50,length,1,length_200_399,200–399,6,esm2-150m,2,macro_f1,43,43,38,38,0.847634032634033,0.665076366753598,0.959808823529412,2000,2026,reportable
1,confirmatory,v060-length,2,cluster50,length,2,length_400_599,400–599,6,esm2-150m,0,accuracy,9,9,9,9,NA,NA,NA,NA,NA,insufficient_sequences
1,confirmatory,v060-length,2,cluster50,length,2,length_400_599,400–599,6,esm2-150m,1,balanced_accuracy,9,9,9,9,NA,NA,NA,NA,NA,insufficient_sequences
1,confirmatory,v060-length,2,cluster50,length,2,length_400_599,400–599,6,esm2-150m,2,macro_f1,9,9,9,9,NA,NA,NA,NA,NA,insufficient_sequences
1,confirmatory,v060-length,2,cluster50,length,3,length_600_799,600–799,6,esm2-150m,0,accuracy,5,5,4,4,NA,NA,NA,NA,NA,insufficient_sequences
1,confirmatory,v060-length,2,cluster50,length,3,length_600_799,600–799,6,esm2-150m,1,balanced_accuracy,5,5,4,4,NA,NA,NA,NA,NA,insufficient_sequences
1,confirmatory,v060-length,2,cluster50,length,3,length_600_799,600–799,6,esm2-150m,2,macro_f1,5,5,4,4,NA,NA,NA,NA,NA,insufficient_sequences
1,confirmatory,v060-length,2,cluster50,length,4,length_800_1000,800–1000,6,esm2-150m,0,accuracy,<5,NA,<3,NA,NA,NA,NA,NA,NA,privacy_suppressed
1,confirmatory,v060-length,2,cluster50,length,4,length_800_1000,800–1000,6,esm2-150m,1,balanced_accuracy,<5,NA,<3,NA,NA,NA,NA,NA,NA,privacy_suppressed
1,confirmatory,v060-length,2,cluster50,length,4,length_800_1000,800–1000,6,esm2-150m,2,macro_f1,<5,NA,<3,NA,NA,NA,NA,NA,NA,privacy_suppressed
1,confirmatory,v060-length,3,cluster30,length,0,length_050_199,50–199,0,majority,0,accuracy,7,7,6,6,NA,NA,NA,NA,NA,insufficient_sequences
1,confirmatory,v060-length,3,cluster30,length,0,length_050_199,50–199,0,majority,1,balanced_accuracy,7,7,6,6,NA,NA,NA,NA,NA,insufficient_sequences
1,confirmatory,v060-length,3,cluster30,length,0,length_050_199,50–199,0,majority,2,macro_f1,7,7,6,6,NA,NA,NA,NA,NA,insufficient_sequences
1,confirmatory,v060-length,3,cluster30,length,1,length_200_399,200–399,0,majority,0,accuracy,40,40,36,36,0.375,0.219429795649308,0.534883720930233,2000,2026,reportable
1,confirmatory,v060-length,3,cluster30,length,1,length_200_399,200–399,0,majority,1,balanced_accuracy,40,40,36,36,0.2,0.2,0.2,2000,2026,reportable
1,confirmatory,v060-length,3,cluster30,length,1,length_200_399,200–399,0,majority,2,macro_f1,40,40,36,36,0.109090909090909,0.068081091930951,0.14,2000,2026,reportable
1,confirmatory,v060-length,3,cluster30,length,2,length_400_599,400–599,0,majority,0,accuracy,15,15,14,14,NA,NA,NA,NA,NA,insufficient_sequences
1,confirmatory,v060-length,3,cluster30,length,2,length_400_599,400–599,0,majority,1,balanced_accuracy,15,15,14,14,NA,NA,NA,NA,NA,insufficient_sequences
1,confirmatory,v060-length,3,cluster30,length,2,length_400_599,400–599,0,majority,2,macro_f1,15,15,14,14,NA,NA,NA,NA,NA,insufficient_sequences
1,confirmatory,v060-length,3,cluster30,length,3,length_600_799,600–799,0,majority,0,accuracy,<5,NA,3,NA,NA,NA,NA,NA,NA,privacy_suppressed
1,confirmatory,v060-length,3,cluster30,length,3,length_600_799,600–799,0,majority,1,balanced_accuracy,<5,NA,3,NA,NA,NA,NA,NA,NA,privacy_suppressed
1,confirmatory,v060-length,3,cluster30,length,3,length_600_799,600–799,0,majority,2,macro_f1,<5,NA,3,NA,NA,NA,NA,NA,NA,privacy_suppressed
1,confirmatory,v060-length,3,cluster30,length,4,length_800_1000,800–1000,0,majority,0,accuracy,<5,NA,<3,NA,NA,NA,NA,NA,NA,privacy_suppressed
1,confirmatory,v060-length,3,cluster30,length,4,length_800_1000,800–1000,0,majority,1,balanced_accuracy,<5,NA,<3,NA,NA,NA,NA,NA,NA,privacy_suppressed
1,confirmatory,v060-length,3,cluster30,length,4,length_800_1000,800–1000,0,majority,2,macro_f1,<5,NA,<3,NA,NA,NA,NA,NA,NA,privacy_suppressed
1,confirmatory,v060-length,3,cluster30,length,0,length_050_199,50–199,1,length-logistic,0,accuracy,7,7,6,6,NA,NA,NA,NA,NA,insufficient_sequences
1,confirmatory,v060-length,3,cluster30,length,0,length_050_199,50–199,1,length-logistic,1,balanced_accuracy,7,7,6,6,NA,NA,NA,NA,NA,insufficient_sequences
1,confirmatory,v060-length,3,cluster30,length,0,length_050_199,50–199,1,length-logistic,2,macro_f1,7,7,6,6,NA,NA,NA,NA,NA,insufficient_sequences
1,confirmatory,v060-length,3,cluster30,length,1,length_200_399,200–399,1,length-logistic,0,accuracy,40,40,36,36,0.325,0.179487179487179,0.48780487804878,2000,2026,reportable
1,confirmatory,v060-length,3,cluster30,length,1,length_200_399,200–399,1,length-logistic,1,balanced_accuracy,40,40,36,36,0.295,0.187713815789474,0.4125,2000,2026,reportable
1,confirmatory,v060-length,3,cluster30,length,1,length_200_399,200–399,1,length-logistic,2,macro_f1,40,40,36,36,0.240227272727273,0.114079499890647,0.342241228070175,2000,2026,reportable
1,confirmatory,v060-length,3,cluster30,length,2,length_400_599,400–599,1,length-logistic,0,accuracy,15,15,14,14,NA,NA,NA,NA,NA,insufficient_sequences
1,confirmatory,v060-length,3,cluster30,length,2,length_400_599,400–599,1,length-logistic,1,balanced_accuracy,15,15,14,14,NA,NA,NA,NA,NA,insufficient_sequences
1,confirmatory,v060-length,3,cluster30,length,2,length_400_599,400–599,1,length-logistic,2,macro_f1,15,15,14,14,NA,NA,NA,NA,NA,insufficient_sequences
1,confirmatory,v060-length,3,cluster30,length,3,length_600_799,600–799,1,length-logistic,0,accuracy,<5,NA,3,NA,NA,NA,NA,NA,NA,privacy_suppressed
1,confirmatory,v060-length,3,cluster30,length,3,length_600_799,600–799,1,length-logistic,1,balanced_accuracy,<5,NA,3,NA,NA,NA,NA,NA,NA,privacy_suppressed
1,confirmatory,v060-length,3,cluster30,length,3,length_600_799,600–799,1,length-logistic,2,macro_f1,<5,NA,3,NA,NA,NA,NA,NA,NA,privacy_suppressed
1,confirmatory,v060-length,3,cluster30,length,4,length_800_1000,800–1000,1,length-logistic,0,accuracy,<5,NA,<3,NA,NA,NA,NA,NA,NA,privacy_suppressed
1,confirmatory,v060-length,3,cluster30,length,4,length_800_1000,800–1000,1,length-logistic,1,balanced_accuracy,<5,NA,<3,NA,NA,NA,NA,NA,NA,privacy_suppressed
1,confirmatory,v060-length,3,cluster30,length,4,length_800_1000,800–1000,1,length-logistic,2,macro_f1,<5,NA,<3,NA,NA,NA,NA,NA,NA,privacy_suppressed
1,confirmatory,v060-length,3,cluster30,length,0,length_050_199,50–199,2,aac-logistic,0,accuracy,7,7,6,6,NA,NA,NA,NA,NA,insufficient_sequences
1,confirmatory,v060-length,3,cluster30,length,0,length_050_199,50–199,2,aac-logistic,1,balanced_accuracy,7,7,6,6,NA,NA,NA,NA,NA,insufficient_sequences
1,confirmatory,v060-length,3,cluster30,length,0,length_050_199,50–199,2,aac-logistic,2,macro_f1,7,7,6,6,NA,NA,NA,NA,NA,insufficient_sequences
1,confirmatory,v060-length,3,cluster30,length,1,length_200_399,200–399,2,aac-logistic,0,accuracy,40,40,36,36,0.275,0.142857142857143,0.432432432432432,2000,2026,reportable
1,confirmatory,v060-length,3,cluster30,length,1,length_200_399,200–399,2,aac-logistic,1,balanced_accuracy,40,40,36,36,0.236666666666667,0.102214743589744,0.38244696969697,2000,2026,reportable
1,confirmatory,v060-length,3,cluster30,length,1,length_200_399,200–399,2,aac-logistic,2,macro_f1,40,40,36,36,0.245641025641026,0.119765802824626,0.368540404040404,2000,2026,reportable
1,confirmatory,v060-length,3,cluster30,length,2,length_400_599,400–599,2,aac-logistic,0,accuracy,15,15,14,14,NA,NA,NA,NA,NA,insufficient_sequences
1,confirmatory,v060-length,3,cluster30,length,2,length_400_599,400–599,2,aac-logistic,1,balanced_accuracy,15,15,14,14,NA,NA,NA,NA,NA,insufficient_sequences
1,confirmatory,v060-length,3,cluster30,length,2,length_400_599,400–599,2,aac-logistic,2,macro_f1,15,15,14,14,NA,NA,NA,NA,NA,insufficient_sequences
1,confirmatory,v060-length,3,cluster30,length,3,length_600_799,600–799,2,aac-logistic,0,accuracy,<5,NA,3,NA,NA,NA,NA,NA,NA,privacy_suppressed
1,confirmatory,v060-length,3,cluster30,length,3,length_600_799,600–799,2,aac-logistic,1,balanced_accuracy,<5,NA,3,NA,NA,NA,NA,NA,NA,privacy_suppressed
1,confirmatory,v060-length,3,cluster30,length,3,length_600_799,600–799,2,aac-logistic,2,macro_f1,<5,NA,3,NA,NA,NA,NA,NA,NA,privacy_suppressed
1,confirmatory,v060-length,3,cluster30,length,4,length_800_1000,800–1000,2,aac-logistic,0,accuracy,<5,NA,<3,NA,NA,NA,NA,NA,NA,privacy_suppressed
1,confirmatory,v060-length,3,cluster30,length,4,length_800_1000,800–1000,2,aac-logistic,1,balanced_accuracy,<5,NA,<3,NA,NA,NA,NA,NA,NA,privacy_suppressed
1,confirmatory,v060-length,3,cluster30,length,4,length_800_1000,800–1000,2,aac-logistic,2,macro_f1,<5,NA,<3,NA,NA,NA,NA,NA,NA,privacy_suppressed
1,confirmatory,v060-length,3,cluster30,length,0,length_050_199,50–199,3,kmer3-logistic,0,accuracy,7,7,6,6,NA,NA,NA,NA,NA,insufficient_sequences
1,confirmatory,v060-length,3,cluster30,length,0,length_050_199,50–199,3,kmer3-logistic,1,balanced_accuracy,7,7,6,6,NA,NA,NA,NA,NA,insufficient_sequences
1,confirmatory,v060-length,3,cluster30,length,0,length_050_199,50–199,3,kmer3-logistic,2,macro_f1,7,7,6,6,NA,NA,NA,NA,NA,insufficient_sequences
1,confirmatory,v060-length,3,cluster30,length,1,length_200_399,200–399,3,kmer3-logistic,0,accuracy,40,40,36,36,0.5,0.341463414634146,0.666666666666667,2000,2026,reportable
1,confirmatory,v060-length,3,cluster30,length,1,length_200_399,200–399,3,kmer3-logistic,1,balanced_accuracy,40,40,36,36,0.421666666666667,0.292043373293373,0.541682692307692,2000,2026,reportable
1,confirmatory,v060-length,3,cluster30,length,1,length_200_399,200–399,3,kmer3-logistic,2,macro_f1,40,40,36,36,0.372094214029698,0.227142704517705,0.478642857142857,2000,2026,reportable
1,confirmatory,v060-length,3,cluster30,length,2,length_400_599,400–599,3,kmer3-logistic,0,accuracy,15,15,14,14,NA,NA,NA,NA,NA,insufficient_sequences
1,confirmatory,v060-length,3,cluster30,length,2,length_400_599,400–599,3,kmer3-logistic,1,balanced_accuracy,15,15,14,14,NA,NA,NA,NA,NA,insufficient_sequences
1,confirmatory,v060-length,3,cluster30,length,2,length_400_599,400–599,3,kmer3-logistic,2,macro_f1,15,15,14,14,NA,NA,NA,NA,NA,insufficient_sequences
1,confirmatory,v060-length,3,cluster30,length,3,length_600_799,600–799,3,kmer3-logistic,0,accuracy,<5,NA,3,NA,NA,NA,NA,NA,NA,privacy_suppressed
1,confirmatory,v060-length,3,cluster30,length,3,length_600_799,600–799,3,kmer3-logistic,1,balanced_accuracy,<5,NA,3,NA,NA,NA,NA,NA,NA,privacy_suppressed
1,confirmatory,v060-length,3,cluster30,length,3,length_600_799,600–799,3,kmer3-logistic,2,macro_f1,<5,NA,3,NA,NA,NA,NA,NA,NA,privacy_suppressed
1,confirmatory,v060-length,3,cluster30,length,4,length_800_1000,800–1000,3,kmer3-logistic,0,accuracy,<5,NA,<3,NA,NA,NA,NA,NA,NA,privacy_suppressed
1,confirmatory,v060-length,3,cluster30,length,4,length_800_1000,800–1000,3,kmer3-logistic,1,balanced_accuracy,<5,NA,<3,NA,NA,NA,NA,NA,NA,privacy_suppressed
1,confirmatory,v060-length,3,cluster30,length,4,length_800_1000,800–1000,3,kmer3-logistic,2,macro_f1,<5,NA,<3,NA,NA,NA,NA,NA,NA,privacy_suppressed
1,confirmatory,v060-length,3,cluster30,length,0,length_050_199,50–199,4,nearest-homolog,0,accuracy,7,7,6,6,NA,NA,NA,NA,NA,insufficient_sequences
1,confirmatory,v060-length,3,cluster30,length,0,length_050_199,50–199,4,nearest-homolog,1,balanced_accuracy,7,7,6,6,NA,NA,NA,NA,NA,insufficient_sequences
1,confirmatory,v060-length,3,cluster30,length,0,length_050_199,50–199,4,nearest-homolog,2,macro_f1,7,7,6,6,NA,NA,NA,NA,NA,insufficient_sequences
1,confirmatory,v060-length,3,cluster30,length,1,length_200_399,200–399,4,nearest-homolog,0,accuracy,40,40,36,36,0.475,0.307692307692308,0.65,2000,2026,reportable
1,confirmatory,v060-length,3,cluster30,length,1,length_200_399,200–399,4,nearest-homolog,1,balanced_accuracy,40,40,36,36,0.34,0.24,0.466666666666667,2000,2026,reportable
1,confirmatory,v060-length,3,cluster30,length,1,length_200_399,200–399,4,nearest-homolog,2,macro_f1,40,40,36,36,0.317647058823529,0.15823388712148,0.445340350877193,2000,2026,reportable
1,confirmatory,v060-length,3,cluster30,length,2,length_400_599,400–599,4,nearest-homolog,0,accuracy,15,15,14,14,NA,NA,NA,NA,NA,insufficient_sequences
1,confirmatory,v060-length,3,cluster30,length,2,length_400_599,400–599,4,nearest-homolog,1,balanced_accuracy,15,15,14,14,NA,NA,NA,NA,NA,insufficient_sequences
1,confirmatory,v060-length,3,cluster30,length,2,length_400_599,400–599,4,nearest-homolog,2,macro_f1,15,15,14,14,NA,NA,NA,NA,NA,insufficient_sequences
1,confirmatory,v060-length,3,cluster30,length,3,length_600_799,600–799,4,nearest-homolog,0,accuracy,<5,NA,3,NA,NA,NA,NA,NA,NA,privacy_suppressed
1,confirmatory,v060-length,3,cluster30,length,3,length_600_799,600–799,4,nearest-homolog,1,balanced_accuracy,<5,NA,3,NA,NA,NA,NA,NA,NA,privacy_suppressed
1,confirmatory,v060-length,3,cluster30,length,3,length_600_799,600–799,4,nearest-homolog,2,macro_f1,<5,NA,3,NA,NA,NA,NA,NA,NA,privacy_suppressed
1,confirmatory,v060-length,3,cluster30,length,4,length_800_1000,800–1000,4,nearest-homolog,0,accuracy,<5,NA,<3,NA,NA,NA,NA,NA,NA,privacy_suppressed
1,confirmatory,v060-length,3,cluster30,length,4,length_800_1000,800–1000,4,nearest-homolog,1,balanced_accuracy,<5,NA,<3,NA,NA,NA,NA,NA,NA,privacy_suppressed
1,confirmatory,v060-length,3,cluster30,length,4,length_800_1000,800–1000,4,nearest-homolog,2,macro_f1,<5,NA,<3,NA,NA,NA,NA,NA,NA,privacy_suppressed
1,confirmatory,v060-length,3,cluster30,length,0,length_050_199,50–199,5,esm2-35m,0,accuracy,7,7,6,6,NA,NA,NA,NA,NA,insufficient_sequences
1,confirmatory,v060-length,3,cluster30,length,0,length_050_199,50–199,5,esm2-35m,1,balanced_accuracy,7,7,6,6,NA,NA,NA,NA,NA,insufficient_sequences
1,confirmatory,v060-length,3,cluster30,length,0,length_050_199,50–199,5,esm2-35m,2,macro_f1,7,7,6,6,NA,NA,NA,NA,NA,insufficient_sequences
1,confirmatory,v060-length,3,cluster30,length,1,length_200_399,200–399,5,esm2-35m,0,accuracy,40,40,36,36,0.9,0.804878048780488,0.976190476190476,2000,2026,reportable
1,confirmatory,v060-length,3,cluster30,length,1,length_200_399,200–399,5,esm2-35m,1,balanced_accuracy,40,40,36,36,0.868333333333333,0.713503787878788,0.977777777777778,2000,2026,reportable
1,confirmatory,v060-length,3,cluster30,length,1,length_200_399,200–399,5,esm2-35m,2,macro_f1,40,40,36,36,0.881486592682039,0.715329911209767,0.970053475935829,2000,2026,reportable
1,confirmatory,v060-length,3,cluster30,length,2,length_400_599,400–599,5,esm2-35m,0,accuracy,15,15,14,14,NA,NA,NA,NA,NA,insufficient_sequences
1,confirmatory,v060-length,3,cluster30,length,2,length_400_599,400–599,5,esm2-35m,1,balanced_accuracy,15,15,14,14,NA,NA,NA,NA,NA,insufficient_sequences
1,confirmatory,v060-length,3,cluster30,length,2,length_400_599,400–599,5,esm2-35m,2,macro_f1,15,15,14,14,NA,NA,NA,NA,NA,insufficient_sequences
1,confirmatory,v060-length,3,cluster30,length,3,length_600_799,600–799,5,esm2-35m,0,accuracy,<5,NA,3,NA,NA,NA,NA,NA,NA,privacy_suppressed
1,confirmatory,v060-length,3,cluster30,length,3,length_600_799,600–799,5,esm2-35m,1,balanced_accuracy,<5,NA,3,NA,NA,NA,NA,NA,NA,privacy_suppressed
1,confirmatory,v060-length,3,cluster30,length,3,length_600_799,600–799,5,esm2-35m,2,macro_f1,<5,NA,3,NA,NA,NA,NA,NA,NA,privacy_suppressed
1,confirmatory,v060-length,3,cluster30,length,4,length_800_1000,800–1000,5,esm2-35m,0,accuracy,<5,NA,<3,NA,NA,NA,NA,NA,NA,privacy_suppressed
1,confirmatory,v060-length,3,cluster30,length,4,length_800_1000,800–1000,5,esm2-35m,1,balanced_accuracy,<5,NA,<3,NA,NA,NA,NA,NA,NA,privacy_suppressed
1,confirmatory,v060-length,3,cluster30,length,4,length_800_1000,800–1000,5,esm2-35m,2,macro_f1,<5,NA,<3,NA,NA,NA,NA,NA,NA,privacy_suppressed
1,confirmatory,v060-length,3,cluster30,length,0,length_050_199,50–199,6,esm2-150m,0,accuracy,7,7,6,6,NA,NA,NA,NA,NA,insufficient_sequences
1,confirmatory,v060-length,3,cluster30,length,0,length_050_199,50–199,6,esm2-150m,1,balanced_accuracy,7,7,6,6,NA,NA,NA,NA,NA,insufficient_sequences
1,confirmatory,v060-length,3,cluster30,length,0,length_050_199,50–199,6,esm2-150m,2,macro_f1,7,7,6,6,NA,NA,NA,NA,NA,insufficient_sequences
1,confirmatory,v060-length,3,cluster30,length,1,length_200_399,200–399,6,esm2-150m,0,accuracy,40,40,36,36,0.9,0.794871794871795,0.976190476190476,2000,2026,reportable
1,confirmatory,v060-length,3,cluster30,length,1,length_200_399,200–399,6,esm2-150m,1,balanced_accuracy,40,40,36,36,0.888333333333333,0.714269841269841,0.9875,2000,2026,reportable
1,confirmatory,v060-length,3,cluster30,length,1,length_200_399,200–399,6,esm2-150m,2,macro_f1,40,40,36,36,0.896371657016818,0.715387369114486,0.980224828934506,2000,2026,reportable
1,confirmatory,v060-length,3,cluster30,length,2,length_400_599,400–599,6,esm2-150m,0,accuracy,15,15,14,14,NA,NA,NA,NA,NA,insufficient_sequences
1,confirmatory,v060-length,3,cluster30,length,2,length_400_599,400–599,6,esm2-150m,1,balanced_accuracy,15,15,14,14,NA,NA,NA,NA,NA,insufficient_sequences
1,confirmatory,v060-length,3,cluster30,length,2,length_400_599,400–599,6,esm2-150m,2,macro_f1,15,15,14,14,NA,NA,NA,NA,NA,insufficient_sequences
1,confirmatory,v060-length,3,cluster30,length,3,length_600_799,600–799,6,esm2-150m,0,accuracy,<5,NA,3,NA,NA,NA,NA,NA,NA,privacy_suppressed
1,confirmatory,v060-length,3,cluster30,length,3,length_600_799,600–799,6,esm2-150m,1,balanced_accuracy,<5,NA,3,NA,NA,NA,NA,NA,NA,privacy_suppressed
1,confirmatory,v060-length,3,cluster30,length,3,length_600_799,600–799,6,esm2-150m,2,macro_f1,<5,NA,3,NA,NA,NA,NA,NA,NA,privacy_suppressed
1,confirmatory,v060-length,3,cluster30,length,4,length_800_1000,800–1000,6,esm2-150m,0,accuracy,<5,NA,<3,NA,NA,NA,NA,NA,NA,privacy_suppressed
1,confirmatory,v060-length,3,cluster30,length,4,length_800_1000,800–1000,6,esm2-150m,1,balanced_accuracy,<5,NA,<3,NA,NA,NA,NA,NA,NA,privacy_suppressed
1,confirmatory,v060-length,3,cluster30,length,4,length_800_1000,800–1000,6,esm2-150m,2,macro_f1,<5,NA,<3,NA,NA,NA,NA,NA,NA,privacy_suppressed
