schema_version,analysis_class,diagnostic_order,diagnostic,split_order,split_name,method_a,method_b,metric_order,metric,accuracy_difference,balanced_accuracy_difference,macro_f1_difference,signs_agree,direction,primary_seed,diagnostic_seed,maximum_lower_shift,maximum_upper_shift,maximum_width_shift,reporting_status
1,confirmatory,0,class_balance_generalization,3,cluster30,majority,NA,NA,NA,0,0,0,true,zero,2026,NA,NA,NA,NA,reportable
1,confirmatory,1,bootstrap_seed_generalization,3,cluster30,majority,NA,0,accuracy,NA,NA,NA,NA,NA,2026,3407;42,0.011024775390447,0.011977542550002,0.003124344149778,reportable
1,confirmatory,2,bootstrap_seed_generalization,3,cluster30,majority,NA,1,balanced_accuracy,NA,NA,NA,NA,NA,2026,3407;42,0,0,0,reportable
1,confirmatory,3,bootstrap_seed_generalization,3,cluster30,majority,NA,2,macro_f1,NA,NA,NA,NA,NA,2026,3407;42,0.000368672960912,0.001203125169017,0.000834452208106,reportable
1,confirmatory,4,class_balance_generalization,3,cluster30,length-logistic,NA,NA,NA,-0.015151515151515,-0.028571428571429,-0.018696594185956,true,negative,2026,NA,NA,NA,NA,reportable
1,confirmatory,5,bootstrap_seed_generalization,3,cluster30,length-logistic,NA,0,accuracy,NA,NA,NA,NA,NA,2026,3407;42,0.003695625392469,0.011255697039279,0.01253174388933,reportable
1,confirmatory,6,bootstrap_seed_generalization,3,cluster30,length-logistic,NA,1,balanced_accuracy,NA,NA,NA,NA,NA,2026,3407;42,0.002077797832949,0.010389159400319,0.00831136156737,reportable
1,confirmatory,7,bootstrap_seed_generalization,3,cluster30,length-logistic,NA,2,macro_f1,NA,NA,NA,NA,NA,2026,3407;42,0.003921010577148,0.00777619481454,0.006479910053243,reportable
1,confirmatory,8,class_balance_generalization,3,cluster30,aac-logistic,NA,NA,NA,-0.03030303030303,0.01829080880805,-0.00935865255193,false,mixed,2026,NA,NA,NA,NA,reportable
1,confirmatory,9,bootstrap_seed_generalization,3,cluster30,aac-logistic,NA,0,accuracy,NA,NA,NA,NA,NA,2026,3407;42,0.016121575824272,0.012033468323791,0.004088107500481,reportable
1,confirmatory,10,bootstrap_seed_generalization,3,cluster30,aac-logistic,NA,1,balanced_accuracy,NA,NA,NA,NA,NA,2026,3407;42,0.003265268972807,0.015862838273033,0.01912810724584,reportable
1,confirmatory,11,bootstrap_seed_generalization,3,cluster30,aac-logistic,NA,2,macro_f1,NA,NA,NA,NA,NA,2026,3407;42,0.004666161534936,0.003506013966315,0.001160147568621,reportable
1,confirmatory,12,class_balance_generalization,3,cluster30,kmer3-logistic,NA,NA,NA,-0.03030303030303,-0.009733274388447,-0.030994363886897,true,negative,2026,NA,NA,NA,NA,reportable
1,confirmatory,13,bootstrap_seed_generalization,3,cluster30,kmer3-logistic,NA,0,accuracy,NA,NA,NA,NA,NA,2026,3407;42,0.006917707117567,0.003317671911422,0.003893348469374,reportable
1,confirmatory,14,bootstrap_seed_generalization,3,cluster30,kmer3-logistic,NA,1,balanced_accuracy,NA,NA,NA,NA,NA,2026,3407;42,0.004896111931228,0.007390441469859,0.008004475372017,reportable
1,confirmatory,15,bootstrap_seed_generalization,3,cluster30,kmer3-logistic,NA,2,macro_f1,NA,NA,NA,NA,NA,2026,3407;42,0.006110069393774,0.006832446330526,0.0129425157243,reportable
1,confirmatory,16,class_balance_generalization,3,cluster30,nearest-homolog,NA,NA,NA,0.045454545454546,0.046153846153846,0.062324420056325,true,positive,2026,NA,NA,NA,NA,reportable
1,confirmatory,17,bootstrap_seed_generalization,3,cluster30,nearest-homolog,NA,0,accuracy,NA,NA,NA,NA,NA,2026,3407;42,0.01215583028083,0.006327797920735,0.009517791236541,reportable
1,confirmatory,18,bootstrap_seed_generalization,3,cluster30,nearest-homolog,NA,1,balanced_accuracy,NA,NA,NA,NA,NA,2026,3407;42,0.003948863636364,0.00590626040626,0.005123883061383,reportable
1,confirmatory,19,bootstrap_seed_generalization,3,cluster30,nearest-homolog,NA,2,macro_f1,NA,NA,NA,NA,NA,2026,3407;42,0.003995120253435,0.010341613253179,0.014336733506613,reportable
1,confirmatory,20,class_balance_generalization,3,cluster30,esm2-35m,NA,NA,NA,0.075757575757576,0.078844048671635,0.084148885284164,true,positive,2026,NA,NA,NA,NA,reportable
1,confirmatory,21,bootstrap_seed_generalization,3,cluster30,esm2-35m,NA,0,accuracy,NA,NA,NA,NA,NA,2026,3407;42,0.003763526967536,0.006207689558075,0.00997121652561,reportable
1,confirmatory,22,bootstrap_seed_generalization,3,cluster30,esm2-35m,NA,1,balanced_accuracy,NA,NA,NA,NA,NA,2026,3407;42,0.007553847397041,0.001710435931532,0.006636902021628,reportable
1,confirmatory,23,bootstrap_seed_generalization,3,cluster30,esm2-35m,NA,2,macro_f1,NA,NA,NA,NA,NA,2026,3407;42,0.009331450962553,0.008169974069324,0.001299595189236,reportable
1,confirmatory,24,class_balance_generalization,3,cluster30,esm2-150m,NA,NA,NA,-0.015151515151515,-0.011813186813187,0.003631628089832,false,mixed,2026,NA,NA,NA,NA,reportable
1,confirmatory,25,bootstrap_seed_generalization,3,cluster30,esm2-150m,NA,0,accuracy,NA,NA,NA,NA,NA,2026,3407;42,0.002684342677552,0.001731175613968,0.00172534810814,reportable
1,confirmatory,26,bootstrap_seed_generalization,3,cluster30,esm2-150m,NA,1,balanced_accuracy,NA,NA,NA,NA,NA,2026,3407;42,0.007060083638804,0.0091102716991,0.016170355337904,reportable
1,confirmatory,27,bootstrap_seed_generalization,3,cluster30,esm2-150m,NA,2,macro_f1,NA,NA,NA,NA,NA,2026,3407;42,0.009435848378095,0.015882055868985,0.02531790424708,reportable
1,confirmatory,28,class_balance_method_difference,0,random,esm2-35m,aac-logistic,NA,NA,0.53030303030303,0.526128373542167,0.560916774279543,true,positive,2026,NA,NA,NA,NA,reportable
1,confirmatory,29,bootstrap_seed_method_difference,0,random,esm2-35m,aac-logistic,0,accuracy,NA,NA,NA,NA,NA,2026,3407;42,0.006060606060606,0.00941391941392,0.01096256684492,reportable
1,confirmatory,30,bootstrap_seed_method_difference,0,random,esm2-35m,aac-logistic,1,balanced_accuracy,NA,NA,NA,NA,NA,2026,3407;42,0.000999494949495,0.007412755762756,0.006928231953232,reportable
1,confirmatory,31,bootstrap_seed_method_difference,0,random,esm2-35m,aac-logistic,2,macro_f1,NA,NA,NA,NA,NA,2026,3407;42,0.012696960319247,0.00230982752676,0.010387132792487,reportable
1,confirmatory,32,class_balance_method_difference,0,random,esm2-35m,kmer3-logistic,NA,NA,0.333333333333333,0.378741947707465,0.439691769062866,true,positive,2026,NA,NA,NA,NA,reportable
1,confirmatory,33,bootstrap_seed_method_difference,0,random,esm2-35m,kmer3-logistic,0,accuracy,NA,NA,NA,NA,NA,2026,3407;42,0.008823529411765,0.014236509758898,0.005412980347133,reportable
1,confirmatory,34,bootstrap_seed_method_difference,0,random,esm2-35m,kmer3-logistic,1,balanced_accuracy,NA,NA,NA,NA,NA,2026,3407;42,0.00436998179024,0.002955037313908,0.006919858671,reportable
1,confirmatory,35,bootstrap_seed_method_difference,0,random,esm2-35m,kmer3-logistic,2,macro_f1,NA,NA,NA,NA,NA,2026,3407;42,0.023095203408088,0.010316506242187,0.022541338321827,reportable
1,confirmatory,36,class_balance_method_difference,0,random,esm2-150m,aac-logistic,NA,NA,0.515151515151515,0.517092964506758,0.547295160488438,true,positive,2026,NA,NA,NA,NA,reportable
1,confirmatory,37,bootstrap_seed_method_difference,0,random,esm2-150m,aac-logistic,0,accuracy,NA,NA,NA,NA,NA,2026,3407;42,0.005681818181818,0.005361305361305,0.000343137254902,reportable
1,confirmatory,38,bootstrap_seed_method_difference,0,random,esm2-150m,aac-logistic,1,balanced_accuracy,NA,NA,NA,NA,NA,2026,3407;42,0.009329216073781,0.002752128700943,0.010881506567533,reportable
1,confirmatory,39,bootstrap_seed_method_difference,0,random,esm2-150m,aac-logistic,2,macro_f1,NA,NA,NA,NA,NA,2026,3407;42,0.009488935016118,0.005487234201935,0.014976169218053,reportable
1,confirmatory,40,class_balance_method_difference,0,random,esm2-150m,kmer3-logistic,NA,NA,0.318181818181818,0.369706538672056,0.426070155271761,true,positive,2026,NA,NA,NA,NA,reportable
1,confirmatory,41,bootstrap_seed_method_difference,0,random,esm2-150m,kmer3-logistic,0,accuracy,NA,NA,NA,NA,NA,2026,3407;42,0.005510907003444,0.008158508158508,0.004359117616361,reportable
1,confirmatory,42,bootstrap_seed_method_difference,0,random,esm2-150m,kmer3-logistic,1,balanced_accuracy,NA,NA,NA,NA,NA,2026,3407;42,0.008914550361919,0.005539229448712,0.014453779810631,reportable
1,confirmatory,43,bootstrap_seed_method_difference,0,random,esm2-150m,kmer3-logistic,2,macro_f1,NA,NA,NA,NA,NA,2026,3407;42,0.007775453811074,0.002530155456903,0.009511825739349,reportable
1,confirmatory,44,class_balance_method_difference,0,random,esm2-150m,esm2-35m,NA,NA,-0.015151515151515,-0.009035409035409,-0.013621613791105,true,negative,2026,NA,NA,NA,NA,reportable
1,confirmatory,45,bootstrap_seed_method_difference,0,random,esm2-150m,esm2-35m,0,accuracy,NA,NA,NA,NA,NA,2026,3407;42,0.008571428571429,0,0.008571428571429,reportable
1,confirmatory,46,bootstrap_seed_method_difference,0,random,esm2-150m,esm2-35m,1,balanced_accuracy,NA,NA,NA,NA,NA,2026,3407;42,0.001251016772601,0.001283122724352,0.000869229947379,reportable
1,confirmatory,47,bootstrap_seed_method_difference,0,random,esm2-150m,esm2-35m,2,macro_f1,NA,NA,NA,NA,NA,2026,3407;42,0.001587285752103,0.001425674249904,0.002675073500013,reportable
1,confirmatory,48,class_balance_method_difference,1,cluster70,esm2-35m,aac-logistic,NA,NA,0.378787878787879,0.363189970948592,0.392175287772155,true,positive,2026,NA,NA,NA,NA,reportable
1,confirmatory,49,bootstrap_seed_method_difference,1,cluster70,esm2-35m,aac-logistic,0,accuracy,NA,NA,NA,NA,NA,2026,3407;42,0.007575757575758,0.000175339366515,0.007485177865613,reportable
1,confirmatory,50,bootstrap_seed_method_difference,1,cluster70,esm2-35m,aac-logistic,1,balanced_accuracy,NA,NA,NA,NA,NA,2026,3407;42,0.003153346014447,0.012820476655961,0.013235561582303,reportable
1,confirmatory,51,bootstrap_seed_method_difference,1,cluster70,esm2-35m,aac-logistic,2,macro_f1,NA,NA,NA,NA,NA,2026,3407;42,0.008534184758783,0.003288110802485,0.010282595920543,reportable
1,confirmatory,52,class_balance_method_difference,1,cluster70,esm2-35m,kmer3-logistic,NA,NA,0.303030303030303,0.309476443097133,0.317233277475213,true,positive,2026,NA,NA,NA,NA,reportable
1,confirmatory,53,bootstrap_seed_method_difference,1,cluster70,esm2-35m,kmer3-logistic,0,accuracy,NA,NA,NA,NA,NA,2026,3407;42,0.007239982949702,0.006679104477612,0.001742841223746,reportable
1,confirmatory,54,bootstrap_seed_method_difference,1,cluster70,esm2-35m,kmer3-logistic,1,balanced_accuracy,NA,NA,NA,NA,NA,2026,3407;42,0.002937485669167,0.006732323232323,0.005775643393962,reportable
1,confirmatory,55,bootstrap_seed_method_difference,1,cluster70,esm2-35m,kmer3-logistic,2,macro_f1,NA,NA,NA,NA,NA,2026,3407;42,0.00550478878821,0.005690377365312,0.007296615487266,reportable
1,confirmatory,56,class_balance_method_difference,1,cluster70,esm2-150m,aac-logistic,NA,NA,0.454545454545455,0.42948612689992,0.464399114546266,true,positive,2026,NA,NA,NA,NA,reportable
1,confirmatory,57,bootstrap_seed_method_difference,1,cluster70,esm2-150m,aac-logistic,0,accuracy,NA,NA,NA,NA,NA,2026,3407;42,0.01407249466951,0.008756392860871,0.007778788375803,reportable
1,confirmatory,58,bootstrap_seed_method_difference,1,cluster70,esm2-150m,aac-logistic,1,balanced_accuracy,NA,NA,NA,NA,NA,2026,3407;42,0.007671717171717,0.006785583396757,0.012924320351875,reportable
1,confirmatory,59,bootstrap_seed_method_difference,1,cluster70,esm2-150m,aac-logistic,2,macro_f1,NA,NA,NA,NA,NA,2026,3407;42,0.002274841373866,0.006645572837505,0.005288775079224,reportable
1,confirmatory,60,class_balance_method_difference,1,cluster70,esm2-150m,kmer3-logistic,NA,NA,0.378787878787879,0.375772599048461,0.389457104249324,true,positive,2026,NA,NA,NA,NA,reportable
1,confirmatory,61,bootstrap_seed_method_difference,1,cluster70,esm2-150m,kmer3-logistic,0,accuracy,NA,NA,NA,NA,NA,2026,3407;42,0.003937697874265,0.007692307692308,0.011630005566573,reportable
1,confirmatory,62,bootstrap_seed_method_difference,1,cluster70,esm2-150m,kmer3-logistic,1,balanced_accuracy,NA,NA,NA,NA,NA,2026,3407;42,0.001207594250536,0.002868071527301,0.003714046744122,reportable
1,confirmatory,63,bootstrap_seed_method_difference,1,cluster70,esm2-150m,kmer3-logistic,2,macro_f1,NA,NA,NA,NA,NA,2026,3407;42,0.008986202181354,0.001729244038999,0.010715446220353,reportable
1,confirmatory,64,class_balance_method_difference,1,cluster70,esm2-150m,esm2-35m,NA,NA,0.075757575757576,0.066296155951328,0.072223826774111,true,positive,2026,NA,NA,NA,NA,reportable
1,confirmatory,65,bootstrap_seed_method_difference,1,cluster70,esm2-150m,esm2-35m,0,accuracy,NA,NA,NA,NA,NA,2026,3407;42,0.014492753623188,0.005051664753157,0.009441088870031,reportable
1,confirmatory,66,bootstrap_seed_method_difference,1,cluster70,esm2-150m,esm2-35m,1,balanced_accuracy,NA,NA,NA,NA,NA,2026,3407;42,0.000650232160313,0.002618068868069,0.003268301028382,reportable
1,confirmatory,67,bootstrap_seed_method_difference,1,cluster70,esm2-150m,esm2-35m,2,macro_f1,NA,NA,NA,NA,NA,2026,3407;42,0.001524719527592,0.002532738974007,0.00234861606319,reportable
1,confirmatory,68,class_balance_method_difference,2,cluster50,esm2-35m,aac-logistic,NA,NA,0.5,0.463545745442297,0.510924514228644,true,positive,2026,NA,NA,NA,NA,reportable
1,confirmatory,69,bootstrap_seed_method_difference,2,cluster50,esm2-35m,aac-logistic,0,accuracy,NA,NA,NA,NA,NA,2026,3407;42,0.005394470336067,0,0.005394470336067,reportable
1,confirmatory,70,bootstrap_seed_method_difference,2,cluster50,esm2-35m,aac-logistic,1,balanced_accuracy,NA,NA,NA,NA,NA,2026,3407;42,0.009902999886823,0.002612962269212,0.007290037617611,reportable
1,confirmatory,71,bootstrap_seed_method_difference,2,cluster50,esm2-35m,aac-logistic,2,macro_f1,NA,NA,NA,NA,NA,2026,3407;42,0.01514559714254,0.00214415743528,0.013001439707261,reportable
1,confirmatory,72,class_balance_method_difference,2,cluster50,esm2-35m,kmer3-logistic,NA,NA,0.393939393939394,0.440734074354764,0.470733125924942,true,positive,2026,NA,NA,NA,NA,reportable
1,confirmatory,73,bootstrap_seed_method_difference,2,cluster50,esm2-35m,kmer3-logistic,0,accuracy,NA,NA,NA,NA,NA,2026,3407;42,0.008482142857143,0.007006483420004,0.002510590301694,reportable
1,confirmatory,74,bootstrap_seed_method_difference,2,cluster50,esm2-35m,kmer3-logistic,1,balanced_accuracy,NA,NA,NA,NA,NA,2026,3407;42,0.005970414819099,0.003403585997336,0.007685504079254,reportable
1,confirmatory,75,bootstrap_seed_method_difference,2,cluster50,esm2-35m,kmer3-logistic,2,macro_f1,NA,NA,NA,NA,NA,2026,3407;42,0.00614084269914,0.004665046280173,0.010805888979312,reportable
1,confirmatory,76,class_balance_method_difference,2,cluster50,esm2-150m,aac-logistic,NA,NA,0.5,0.46241842448739,0.49482461459193,true,positive,2026,NA,NA,NA,NA,reportable
1,confirmatory,77,bootstrap_seed_method_difference,2,cluster50,esm2-150m,aac-logistic,0,accuracy,NA,NA,NA,NA,NA,2026,3407;42,0.001449875724938,0.005594405594406,0.005317187959254,reportable
1,confirmatory,78,bootstrap_seed_method_difference,2,cluster50,esm2-150m,aac-logistic,1,balanced_accuracy,NA,NA,NA,NA,NA,2026,3407;42,0.001481485780586,0.007183175620675,0.006338960534613,reportable
1,confirmatory,79,bootstrap_seed_method_difference,2,cluster50,esm2-150m,aac-logistic,2,macro_f1,NA,NA,NA,NA,NA,2026,3407;42,0.00058977026534,0.014319994046427,0.014015393290341,reportable
1,confirmatory,80,class_balance_method_difference,2,cluster50,esm2-150m,kmer3-logistic,NA,NA,0.393939393939394,0.439606753399857,0.454633226288227,true,positive,2026,NA,NA,NA,NA,reportable
1,confirmatory,81,bootstrap_seed_method_difference,2,cluster50,esm2-150m,kmer3-logistic,0,accuracy,NA,NA,NA,NA,NA,2026,3407;42,0.004064407814408,0.00094696969697,0.003117438117438,reportable
1,confirmatory,82,bootstrap_seed_method_difference,2,cluster50,esm2-150m,kmer3-logistic,1,balanced_accuracy,NA,NA,NA,NA,NA,2026,3407;42,0.003801176792556,0.007391451891331,0.007378523761207,reportable
1,confirmatory,83,bootstrap_seed_method_difference,2,cluster50,esm2-150m,kmer3-logistic,2,macro_f1,NA,NA,NA,NA,NA,2026,3407;42,0.009733118617447,0.012542379489843,0.01639265135741,reportable
1,confirmatory,84,class_balance_method_difference,2,cluster50,esm2-150m,esm2-35m,NA,NA,0,-0.001127320954907,-0.016099899636715,false,mixed,2026,NA,NA,NA,NA,reportable
1,confirmatory,85,bootstrap_seed_method_difference,2,cluster50,esm2-150m,esm2-35m,0,accuracy,NA,NA,NA,NA,NA,2026,3407;42,0.002200727645196,0.004459308807135,0.004459308807135,reportable
1,confirmatory,86,bootstrap_seed_method_difference,2,cluster50,esm2-150m,esm2-35m,1,balanced_accuracy,NA,NA,NA,NA,NA,2026,3407;42,0.004589410589411,0.007150322553264,0.002999083363954,reportable
1,confirmatory,87,bootstrap_seed_method_difference,2,cluster50,esm2-150m,esm2-35m,2,macro_f1,NA,NA,NA,NA,NA,2026,3407;42,0.005303923693301,0.002351443391668,0.007107476158095,reportable
1,confirmatory,88,class_balance_method_difference,3,cluster30,esm2-35m,aac-logistic,NA,NA,0.424242424242424,0.465575133678582,0.467409236443449,true,positive,2026,NA,NA,NA,NA,reportable
1,confirmatory,89,bootstrap_seed_method_difference,3,cluster30,esm2-35m,aac-logistic,0,accuracy,NA,NA,NA,NA,NA,2026,3407;42,0.01536231884058,0.002351016655851,0.017713335496431,reportable
1,confirmatory,90,bootstrap_seed_method_difference,3,cluster30,esm2-35m,aac-logistic,1,balanced_accuracy,NA,NA,NA,NA,NA,2026,3407;42,0.002379123749813,0.010177322117846,0.007798198368033,reportable
1,confirmatory,91,bootstrap_seed_method_difference,3,cluster30,esm2-35m,aac-logistic,2,macro_f1,NA,NA,NA,NA,NA,2026,3407;42,0.013030153955835,0.004076915136756,0.017107069092591,reportable
1,confirmatory,92,class_balance_method_difference,3,cluster30,esm2-35m,kmer3-logistic,NA,NA,0.227272727272727,0.290164624647383,0.324548519891805,true,positive,2026,NA,NA,NA,NA,reportable
1,confirmatory,93,bootstrap_seed_method_difference,3,cluster30,esm2-35m,kmer3-logistic,0,accuracy,NA,NA,NA,NA,NA,2026,3407;42,0.012290313852814,0.015625,0.022555821037335,reportable
1,confirmatory,94,bootstrap_seed_method_difference,3,cluster30,esm2-35m,kmer3-logistic,1,balanced_accuracy,NA,NA,NA,NA,NA,2026,3407;42,0.006853608379924,0.002907117403669,0.009760725783593,reportable
1,confirmatory,95,bootstrap_seed_method_difference,3,cluster30,esm2-35m,kmer3-logistic,2,macro_f1,NA,NA,NA,NA,NA,2026,3407;42,0.007041934937514,0.010634389108933,0.008657710666805,reportable
1,confirmatory,96,class_balance_method_difference,3,cluster30,esm2-150m,aac-logistic,NA,NA,0.5,0.547196960127995,0.534304879846676,true,positive,2026,NA,NA,NA,NA,reportable
1,confirmatory,97,bootstrap_seed_method_difference,3,cluster30,esm2-150m,aac-logistic,0,accuracy,NA,NA,NA,NA,NA,2026,3407;42,0.005528846153846,0.010296860212659,0.004768014058813,reportable
1,confirmatory,98,bootstrap_seed_method_difference,3,cluster30,esm2-150m,aac-logistic,1,balanced_accuracy,NA,NA,NA,NA,NA,2026,3407;42,0.005937173937174,0.004946187194032,0.010540329163174,reportable
1,confirmatory,99,bootstrap_seed_method_difference,3,cluster30,esm2-150m,aac-logistic,2,macro_f1,NA,NA,NA,NA,NA,2026,3407;42,0.005436262710757,0.001847349362235,0.003588913348522,reportable
1,confirmatory,100,class_balance_method_difference,3,cluster30,esm2-150m,kmer3-logistic,NA,NA,0.303030303030303,0.371786451096796,0.391444163295032,true,positive,2026,NA,NA,NA,NA,reportable
1,confirmatory,101,bootstrap_seed_method_difference,3,cluster30,esm2-150m,kmer3-logistic,0,accuracy,NA,NA,NA,NA,NA,2026,3407;42,0.004884004884005,0.006584723441615,0.004104564711457,reportable
1,confirmatory,102,bootstrap_seed_method_difference,3,cluster30,esm2-150m,kmer3-logistic,1,balanced_accuracy,NA,NA,NA,NA,NA,2026,3407;42,0.004579059791835,0.011522492127756,0.010064409698277,reportable
1,confirmatory,103,bootstrap_seed_method_difference,3,cluster30,esm2-150m,kmer3-logistic,2,macro_f1,NA,NA,NA,NA,NA,2026,3407;42,0.008417042706654,0.007169063264998,0.015586105971652,reportable
1,confirmatory,104,class_balance_method_difference,3,cluster30,esm2-150m,esm2-35m,NA,NA,0.075757575757576,0.081621826449413,0.066895643403227,true,positive,2026,NA,NA,NA,NA,reportable
1,confirmatory,105,bootstrap_seed_method_difference,3,cluster30,esm2-150m,esm2-35m,0,accuracy,NA,NA,NA,NA,NA,2026,3407;42,0,0.002473311335404,0.002473311335404,reportable
1,confirmatory,106,bootstrap_seed_method_difference,3,cluster30,esm2-150m,esm2-35m,1,balanced_accuracy,NA,NA,NA,NA,NA,2026,3407;42,0.001002865414156,0.002926595716656,0.001993415993154,reportable
1,confirmatory,107,bootstrap_seed_method_difference,3,cluster30,esm2-150m,esm2-35m,2,macro_f1,NA,NA,NA,NA,NA,2026,3407;42,0.004846025225361,0.007073287018414,0.011919312243775,reportable
