schema_version,analysis_class,analysis_id,split_order,split_name,stratum_dimension,stratum_order,stratum_id,stratum_label,method_order,method,metric_order,metric,sequence_count_display,sequence_count,component_count_display,component_count,estimate,ci_lower,ci_upper,bootstrap_iterations,bootstrap_seed,reporting_status,comparison_split,difference_direction,difference,difference_ci_lower,difference_ci_upper,resampling
1,confirmatory,v060-whole_test,0,random,whole_test,0,whole_test,Whole Test,0,majority,0,accuracy,66,66,65,65,0.439393939393939,0.323076923076923,0.560606060606061,2000,2026,reportable,NA,NA,NA,NA,NA,NA
1,confirmatory,v060-whole_test,0,random,whole_test,0,whole_test,Whole Test,0,majority,1,balanced_accuracy,66,66,65,65,0.2,0.2,0.2,2000,2026,reportable,NA,NA,NA,NA,NA,NA
1,confirmatory,v060-whole_test,0,random,whole_test,0,whole_test,Whole Test,0,majority,2,macro_f1,66,66,65,65,0.122105263157895,0.097674418604651,0.14368932038835,2000,2026,reportable,NA,NA,NA,NA,NA,NA
1,confirmatory,v060-whole_test,0,random,whole_test,0,whole_test,Whole Test,1,length-logistic,0,accuracy,66,66,65,65,0.196969696969697,0.106060606060606,0.29235294117647,2000,2026,reportable,NA,NA,NA,NA,NA,NA
1,confirmatory,v060-whole_test,0,random,whole_test,0,whole_test,Whole Test,1,length-logistic,1,balanced_accuracy,66,66,65,65,0.247030651340996,0.171416361416361,0.327586206896552,2000,2026,reportable,NA,NA,NA,NA,NA,NA
1,confirmatory,v060-whole_test,0,random,whole_test,0,whole_test,Whole Test,1,length-logistic,2,macro_f1,66,66,65,65,0.170685579196217,0.080558539205156,0.253878163878164,2000,2026,reportable,NA,NA,NA,NA,NA,NA
1,confirmatory,v060-whole_test,0,random,whole_test,0,whole_test,Whole Test,2,aac-logistic,0,accuracy,66,66,65,65,0.287878787878788,0.17910447761194,0.4,2000,2026,reportable,NA,NA,NA,NA,NA,NA
1,confirmatory,v060-whole_test,0,random,whole_test,0,whole_test,Whole Test,2,aac-logistic,1,balanced_accuracy,66,66,65,65,0.262278430381879,0.140354545454545,0.38855266955267,2000,2026,reportable,NA,NA,NA,NA,NA,NA
1,confirmatory,v060-whole_test,0,random,whole_test,0,whole_test,Whole Test,2,aac-logistic,2,macro_f1,66,66,65,65,0.236355633162356,0.13855853432282,0.33445399387439,2000,2026,reportable,NA,NA,NA,NA,NA,NA
1,confirmatory,v060-whole_test,0,random,whole_test,0,whole_test,Whole Test,3,kmer3-logistic,0,accuracy,66,66,65,65,0.484848484848485,0.363636363636364,0.606126482213438,2000,2026,reportable,NA,NA,NA,NA,NA,NA
1,confirmatory,v060-whole_test,0,random,whole_test,0,whole_test,Whole Test,3,kmer3-logistic,1,balanced_accuracy,66,66,65,65,0.40966485621658,0.304698495527243,0.520964285714286,2000,2026,reportable,NA,NA,NA,NA,NA,NA
1,confirmatory,v060-whole_test,0,random,whole_test,0,whole_test,Whole Test,3,kmer3-logistic,2,macro_f1,66,66,65,65,0.357580638379033,0.245114334129946,0.464826461752829,2000,2026,reportable,NA,NA,NA,NA,NA,NA
1,confirmatory,v060-whole_test,0,random,whole_test,0,whole_test,Whole Test,4,nearest-homolog,0,accuracy,66,66,65,65,0.575757575757576,0.454545454545455,0.692391304347826,2000,2026,reportable,NA,NA,NA,NA,NA,NA
1,confirmatory,v060-whole_test,0,random,whole_test,0,whole_test,Whole Test,4,nearest-homolog,1,balanced_accuracy,66,66,65,65,0.365811965811966,0.283333333333333,0.462857142857143,2000,2026,reportable,NA,NA,NA,NA,NA,NA
1,confirmatory,v060-whole_test,0,random,whole_test,0,whole_test,Whole Test,4,nearest-homolog,2,macro_f1,66,66,65,65,0.369071755118267,0.252630911133633,0.45823077618144,2000,2026,reportable,NA,NA,NA,NA,NA,NA
1,confirmatory,v060-whole_test,0,random,whole_test,0,whole_test,Whole Test,5,esm2-35m,0,accuracy,66,66,65,65,0.818181818181818,0.723076923076923,0.909090909090909,2000,2026,reportable,NA,NA,NA,NA,NA,NA
1,confirmatory,v060-whole_test,0,random,whole_test,0,whole_test,Whole Test,5,esm2-35m,1,balanced_accuracy,66,66,65,65,0.788406803924045,0.662489822677323,0.90222172182656,2000,2026,reportable,NA,NA,NA,NA,NA,NA
1,confirmatory,v060-whole_test,0,random,whole_test,0,whole_test,Whole Test,5,esm2-35m,2,macro_f1,66,66,65,65,0.797272407441899,0.668110121187532,0.899146053662358,2000,2026,reportable,NA,NA,NA,NA,NA,NA
1,confirmatory,v060-whole_test,0,random,whole_test,0,whole_test,Whole Test,6,esm2-150m,0,accuracy,66,66,65,65,0.803030303030303,0.696969696969697,0.893939393939394,2000,2026,reportable,NA,NA,NA,NA,NA,NA
1,confirmatory,v060-whole_test,0,random,whole_test,0,whole_test,Whole Test,6,esm2-150m,1,balanced_accuracy,66,66,65,65,0.779371394888636,0.649372134875456,0.891759090909091,2000,2026,reportable,NA,NA,NA,NA,NA,NA
1,confirmatory,v060-whole_test,0,random,whole_test,0,whole_test,Whole Test,6,esm2-150m,2,macro_f1,66,66,65,65,0.783650793650794,0.653096333568392,0.884029458740162,2000,2026,reportable,NA,NA,NA,NA,NA,NA
1,confirmatory,v060-whole_test,1,cluster70,whole_test,0,whole_test,Whole Test,0,majority,0,accuracy,66,66,64,64,0.439393939393939,0.3125,0.567164179104478,2000,2026,reportable,cluster70,random_minus_comparison,0,-0.174144899218429,0.172365358522075,independent_component_bootstrap
1,confirmatory,v060-whole_test,1,cluster70,whole_test,0,whole_test,Whole Test,0,majority,1,balanced_accuracy,66,66,64,64,0.2,0.2,0.2,2000,2026,reportable,cluster70,random_minus_comparison,0,0,0,independent_component_bootstrap
1,confirmatory,v060-whole_test,1,cluster70,whole_test,0,whole_test,Whole Test,0,majority,2,macro_f1,66,66,64,64,0.122105263157895,0.095647233201581,0.144011111111111,2000,2026,reportable,cluster70,random_minus_comparison,0,-0.032193765576759,0.031861363399102,independent_component_bootstrap
1,confirmatory,v060-whole_test,1,cluster70,whole_test,0,whole_test,Whole Test,1,length-logistic,0,accuracy,66,66,64,64,0.166666666666667,0.088235294117647,0.261538461538462,2000,2026,reportable,cluster70,random_minus_comparison,0.03030303030303,-0.106101398601399,0.159434316190785,independent_component_bootstrap
1,confirmatory,v060-whole_test,1,cluster70,whole_test,0,whole_test,Whole Test,1,length-logistic,1,balanced_accuracy,66,66,64,64,0.229332449160035,0.124261904761905,0.343207922954128,2000,2026,reportable,cluster70,random_minus_comparison,0.017698202180961,-0.127929934879935,0.139702511568891,independent_component_bootstrap
1,confirmatory,v060-whole_test,1,cluster70,whole_test,0,whole_test,Whole Test,1,length-logistic,2,macro_f1,66,66,64,64,0.142393162393162,0.066591190191629,0.218381306566272,2000,2026,reportable,cluster70,random_minus_comparison,0.028292416803055,-0.091591528427987,0.142115120710988,independent_component_bootstrap
1,confirmatory,v060-whole_test,1,cluster70,whole_test,0,whole_test,Whole Test,2,aac-logistic,0,accuracy,66,66,64,64,0.393939393939394,0.276818181818182,0.507857142857142,2000,2026,reportable,cluster70,random_minus_comparison,-0.106060606060606,-0.272727272727273,0.057451923076923,independent_component_bootstrap
1,confirmatory,v060-whole_test,1,cluster70,whole_test,0,whole_test,Whole Test,2,aac-logistic,1,balanced_accuracy,66,66,64,64,0.359832217590838,0.218346328304049,0.499048813505335,2000,2026,reportable,cluster70,random_minus_comparison,-0.09755378720896,-0.271596063869644,0.089863766980146,independent_component_bootstrap
1,confirmatory,v060-whole_test,1,cluster70,whole_test,0,whole_test,Whole Test,2,aac-logistic,2,macro_f1,66,66,64,64,0.342666214811283,0.216488900015898,0.451652513513225,2000,2026,reportable,cluster70,random_minus_comparison,-0.106310581648928,-0.255148963656886,0.048366920000302,independent_component_bootstrap
1,confirmatory,v060-whole_test,1,cluster70,whole_test,0,whole_test,Whole Test,3,kmer3-logistic,0,accuracy,66,66,64,64,0.46969696969697,0.34375,0.590909090909091,2000,2026,reportable,cluster70,random_minus_comparison,0.015151515151515,-0.158345423233483,0.188155811849842,independent_component_bootstrap
1,confirmatory,v060-whole_test,1,cluster70,whole_test,0,whole_test,Whole Test,3,kmer3-logistic,1,balanced_accuracy,66,66,64,64,0.413545745442297,0.277168761614043,0.54639347635952,2000,2026,reportable,cluster70,random_minus_comparison,-0.003880889225717,-0.179727086849932,0.187622027212683,independent_component_bootstrap
1,confirmatory,v060-whole_test,1,cluster70,whole_test,0,whole_test,Whole Test,3,kmer3-logistic,2,macro_f1,66,66,64,64,0.417608225108225,0.265356182121972,0.547821459666536,2000,2026,reportable,cluster70,random_minus_comparison,-0.060027586729192,-0.229724844982038,0.128204243155455,independent_component_bootstrap
1,confirmatory,v060-whole_test,1,cluster70,whole_test,0,whole_test,Whole Test,4,nearest-homolog,0,accuracy,66,66,64,64,0.606060606060606,0.484375,0.71875,2000,2026,reportable,cluster70,random_minus_comparison,-0.03030303030303,-0.194711717853042,0.141096741158339,independent_component_bootstrap
1,confirmatory,v060-whole_test,1,cluster70,whole_test,0,whole_test,Whole Test,4,nearest-homolog,1,balanced_accuracy,66,66,64,64,0.436630036630037,0.326042016806723,0.550487012987013,2000,2026,reportable,cluster70,random_minus_comparison,-0.070818070818071,-0.218030303030303,0.068558823529412,independent_component_bootstrap
1,confirmatory,v060-whole_test,1,cluster70,whole_test,0,whole_test,Whole Test,4,nearest-homolog,2,macro_f1,66,66,64,64,0.461984126984127,0.305949989803808,0.572035659206596,2000,2026,reportable,cluster70,random_minus_comparison,-0.09291237186586,-0.243727610186721,0.074655526288189,independent_component_bootstrap
1,confirmatory,v060-whole_test,1,cluster70,whole_test,0,whole_test,Whole Test,5,esm2-35m,0,accuracy,66,66,64,64,0.772727272727273,0.666544117647059,0.873283450704225,2000,2026,reportable,cluster70,random_minus_comparison,0.045454545454546,-0.085283898498341,0.186752687610896,independent_component_bootstrap
1,confirmatory,v060-whole_test,1,cluster70,whole_test,0,whole_test,Whole Test,5,esm2-35m,1,balanced_accuracy,66,66,64,64,0.72302218853943,0.576878787878788,0.844886826441103,2000,2026,reportable,cluster70,random_minus_comparison,0.065384615384615,-0.113508213560633,0.233718041016954,independent_component_bootstrap
1,confirmatory,v060-whole_test,1,cluster70,whole_test,0,whole_test,Whole Test,5,esm2-35m,2,macro_f1,66,66,64,64,0.734841502583438,0.572950046852707,0.854433823529412,2000,2026,reportable,cluster70,random_minus_comparison,0.062430904858461,-0.109926225517281,0.237119908483921,independent_component_bootstrap
1,confirmatory,v060-whole_test,1,cluster70,whole_test,0,whole_test,Whole Test,6,esm2-150m,0,accuracy,66,66,64,64,0.848484848484849,0.757575757575758,0.927785326086955,2000,2026,reportable,cluster70,random_minus_comparison,-0.045454545454546,-0.183413461538461,0.081010781429391,independent_component_bootstrap
1,confirmatory,v060-whole_test,1,cluster70,whole_test,0,whole_test,Whole Test,6,esm2-150m,1,balanced_accuracy,66,66,64,64,0.789318344490758,0.663123917748918,0.899576515663737,2000,2026,reportable,cluster70,random_minus_comparison,-0.009946949602122,-0.17652533740769,0.161183053058053,independent_component_bootstrap
1,confirmatory,v060-whole_test,1,cluster70,whole_test,0,whole_test,Whole Test,6,esm2-150m,2,macro_f1,66,66,64,64,0.807065329357549,0.672341119664649,0.907628229069405,2000,2026,reportable,cluster70,random_minus_comparison,-0.023414535706756,-0.193884926756668,0.13527615789084,independent_component_bootstrap
1,confirmatory,v060-whole_test,2,cluster50,whole_test,0,whole_test,Whole Test,0,majority,0,accuracy,66,66,59,59,0.439393939393939,0.313432835820896,0.582089552238806,2000,2026,reportable,cluster50,random_minus_comparison,0,-0.183970433526465,0.176916221033868,independent_component_bootstrap
1,confirmatory,v060-whole_test,2,cluster50,whole_test,0,whole_test,Whole Test,0,majority,1,balanced_accuracy,66,66,59,59,0.2,0.2,0.2,2000,2026,reportable,cluster50,random_minus_comparison,0,0,0,independent_component_bootstrap
1,confirmatory,v060-whole_test,2,cluster50,whole_test,0,whole_test,Whole Test,0,majority,2,macro_f1,66,66,59,59,0.122105263157895,0.094617615077927,0.146534653465347,2000,2026,reportable,cluster50,random_minus_comparison,0,-0.035426842684268,0.033144012944984,independent_component_bootstrap
1,confirmatory,v060-whole_test,2,cluster50,whole_test,0,whole_test,Whole Test,1,length-logistic,0,accuracy,66,66,59,59,0.181818181818182,0.08695652173913,0.296875,2000,2026,reportable,cluster50,random_minus_comparison,0.015151515151515,-0.128293965691902,0.154215343480049,independent_component_bootstrap
1,confirmatory,v060-whole_test,2,cluster50,whole_test,0,whole_test,Whole Test,1,length-logistic,1,balanced_accuracy,66,66,59,59,0.232169171824344,0.12720202020202,0.344970397249809,2000,2026,reportable,cluster50,random_minus_comparison,0.014861479516652,-0.132635857385857,0.146195868535586,independent_component_bootstrap
1,confirmatory,v060-whole_test,2,cluster50,whole_test,0,whole_test,Whole Test,1,length-logistic,2,macro_f1,66,66,59,59,0.147743210506184,0.059042201670109,0.230283269148481,2000,2026,reportable,cluster50,random_minus_comparison,0.022942368690034,-0.102118650646171,0.148873071569482,independent_component_bootstrap
1,confirmatory,v060-whole_test,2,cluster50,whole_test,0,whole_test,Whole Test,2,aac-logistic,0,accuracy,66,66,59,59,0.363636363636364,0.242424242424242,0.483883568548387,2000,2026,reportable,cluster50,random_minus_comparison,-0.075757575757576,-0.237793946249829,0.085487336047038,independent_component_bootstrap
1,confirmatory,v060-whole_test,2,cluster50,whole_test,0,whole_test,Whole Test,2,aac-logistic,1,balanced_accuracy,66,66,59,59,0.380107153383015,0.238504641909814,0.53011541005291,2000,2026,reportable,cluster50,random_minus_comparison,-0.117828723001137,-0.302614751931771,0.066986033363189,independent_component_bootstrap
1,confirmatory,v060-whole_test,2,cluster50,whole_test,0,whole_test,Whole Test,2,aac-logistic,2,macro_f1,66,66,59,59,0.349027951606174,0.216823060173019,0.465899971472248,2000,2026,reportable,cluster50,random_minus_comparison,-0.112672318443819,-0.265450926565078,0.040922691874182,independent_component_bootstrap
1,confirmatory,v060-whole_test,2,cluster50,whole_test,0,whole_test,Whole Test,3,kmer3-logistic,0,accuracy,66,66,59,59,0.46969696969697,0.338235294117647,0.6,2000,2026,reportable,cluster50,random_minus_comparison,0.015151515151515,-0.153846153846154,0.183077659588209,independent_component_bootstrap
1,confirmatory,v060-whole_test,2,cluster50,whole_test,0,whole_test,Whole Test,3,kmer3-logistic,1,balanced_accuracy,66,66,59,59,0.402918824470549,0.259894583146738,0.555887698412698,2000,2026,reportable,cluster50,random_minus_comparison,0.006746031746032,-0.184845399749853,0.188185315338256,independent_component_bootstrap
1,confirmatory,v060-whole_test,2,cluster50,whole_test,0,whole_test,Whole Test,3,kmer3-logistic,2,macro_f1,66,66,59,59,0.389219339909877,0.240639660415862,0.518879072681704,2000,2026,reportable,cluster50,random_minus_comparison,-0.031638701530844,-0.199975327013278,0.148726388802954,independent_component_bootstrap
1,confirmatory,v060-whole_test,2,cluster50,whole_test,0,whole_test,Whole Test,4,nearest-homolog,0,accuracy,66,66,59,59,0.636363636363636,0.515151515151515,0.761194029850746,2000,2026,reportable,cluster50,random_minus_comparison,-0.060606060606061,-0.23689770374553,0.109313199626866,independent_component_bootstrap
1,confirmatory,v060-whole_test,2,cluster50,whole_test,0,whole_test,Whole Test,4,nearest-homolog,1,balanced_accuracy,66,66,59,59,0.483363858363858,0.333565476190476,0.620984126984127,2000,2026,reportable,cluster50,random_minus_comparison,-0.117551892551893,-0.286210164835165,0.053354166666667,independent_component_bootstrap
1,confirmatory,v060-whole_test,2,cluster50,whole_test,0,whole_test,Whole Test,4,nearest-homolog,2,macro_f1,66,66,59,59,0.542882648994557,0.342857068730356,0.668037264537264,2000,2026,reportable,cluster50,random_minus_comparison,-0.17381089387629,-0.345401023921834,0.044906116370599,independent_component_bootstrap
1,confirmatory,v060-whole_test,2,cluster50,whole_test,0,whole_test,Whole Test,5,esm2-35m,0,accuracy,66,66,59,59,0.863636363636364,0.757575757575758,0.953125,2000,2026,reportable,cluster50,random_minus_comparison,-0.045454545454545,-0.181709401709402,0.089642857142857,independent_component_bootstrap
1,confirmatory,v060-whole_test,2,cluster50,whole_test,0,whole_test,Whole Test,5,esm2-35m,1,balanced_accuracy,66,66,59,59,0.843652898825313,0.693127371916509,0.943774671052631,2000,2026,reportable,cluster50,random_minus_comparison,-0.055246094901267,-0.220441866140396,0.128152827143616,independent_component_bootstrap
1,confirmatory,v060-whole_test,2,cluster50,whole_test,0,whole_test,Whole Test,5,esm2-35m,2,macro_f1,66,66,59,59,0.859952465834819,0.699653184685852,0.94459427981719,2000,2026,reportable,cluster50,random_minus_comparison,-0.06268005839292,-0.211432810496991,0.115432542571593,independent_component_bootstrap
1,confirmatory,v060-whole_test,2,cluster50,whole_test,0,whole_test,Whole Test,6,esm2-150m,0,accuracy,66,66,59,59,0.863636363636364,0.765602022058824,0.944583333333333,2000,2026,reportable,cluster50,random_minus_comparison,-0.060606060606061,-0.191921261798311,0.069011013496308,independent_component_bootstrap
1,confirmatory,v060-whole_test,2,cluster50,whole_test,0,whole_test,Whole Test,6,esm2-150m,1,balanced_accuracy,66,66,59,59,0.842525577870405,0.707769607843137,0.942865800865801,2000,2026,reportable,cluster50,random_minus_comparison,-0.063154182981769,-0.222080230916818,0.098182383040936,independent_component_bootstrap
1,confirmatory,v060-whole_test,2,cluster50,whole_test,0,whole_test,Whole Test,6,esm2-150m,2,macro_f1,66,66,59,59,0.843852566198104,0.714738222561752,0.934113683418031,2000,2026,reportable,cluster50,random_minus_comparison,-0.06020177254731,-0.229831673325495,0.09655180639676,independent_component_bootstrap
1,confirmatory,v060-whole_test,3,cluster30,whole_test,0,whole_test,Whole Test,0,majority,0,accuracy,66,66,60,60,0.439393939393939,0.312408088235294,0.571428571428571,2000,2026,reportable,cluster30,random_minus_comparison,0,-0.174752747252747,0.186346322365446,independent_component_bootstrap
1,confirmatory,v060-whole_test,3,cluster30,whole_test,0,whole_test,Whole Test,0,majority,1,balanced_accuracy,66,66,60,60,0.2,0.2,0.2,2000,2026,reportable,cluster30,random_minus_comparison,0,0,0,independent_component_bootstrap
1,confirmatory,v060-whole_test,3,cluster30,whole_test,0,whole_test,Whole Test,0,majority,2,macro_f1,66,66,60,60,0.122105263157895,0.09438202247191,0.146153846153846,2000,2026,reportable,cluster30,random_minus_comparison,0,-0.034290085116172,0.032870714357793,independent_component_bootstrap
1,confirmatory,v060-whole_test,3,cluster30,whole_test,0,whole_test,Whole Test,1,length-logistic,0,accuracy,66,66,60,60,0.212121212121212,0.111111111111111,0.318946488294314,2000,2026,reportable,cluster30,random_minus_comparison,-0.015151515151515,-0.155483682983683,0.134332620116202,independent_component_bootstrap
1,confirmatory,v060-whole_test,3,cluster30,whole_test,0,whole_test,Whole Test,1,length-logistic,1,balanced_accuracy,66,66,60,60,0.275602079912425,0.185382352941176,0.398463235294118,2000,2026,reportable,cluster30,random_minus_comparison,-0.028571428571429,-0.169781945066428,0.099220851901366,independent_component_bootstrap
1,confirmatory,v060-whole_test,3,cluster30,whole_test,0,whole_test,Whole Test,1,length-logistic,2,macro_f1,66,66,60,60,0.189382173382173,0.092105152587351,0.278884550597508,2000,2026,reportable,cluster30,random_minus_comparison,-0.018696594185956,-0.147899060407134,0.11610046623653,independent_component_bootstrap
1,confirmatory,v060-whole_test,3,cluster30,whole_test,0,whole_test,Whole Test,2,aac-logistic,0,accuracy,66,66,60,60,0.318181818181818,0.202898550724638,0.4375,2000,2026,reportable,cluster30,random_minus_comparison,-0.03030303030303,-0.188578276562148,0.139789601079924,independent_component_bootstrap
1,confirmatory,v060-whole_test,3,cluster30,whole_test,0,whole_test,Whole Test,2,aac-logistic,1,balanced_accuracy,66,66,60,60,0.243987621573829,0.143460813492063,0.361770687441643,2000,2026,reportable,cluster30,random_minus_comparison,0.01829080880805,-0.149757741729935,0.184850250779686,independent_component_bootstrap
1,confirmatory,v060-whole_test,3,cluster30,whole_test,0,whole_test,Whole Test,2,aac-logistic,2,macro_f1,66,66,60,60,0.245714285714286,0.150494956603331,0.341173905351614,2000,2026,reportable,cluster30,random_minus_comparison,-0.00935865255193,-0.147184234361486,0.122094345612041,independent_component_bootstrap
1,confirmatory,v060-whole_test,3,cluster30,whole_test,0,whole_test,Whole Test,3,kmer3-logistic,0,accuracy,66,66,60,60,0.515151515151515,0.378787878787879,0.646153846153846,2000,2026,reportable,cluster30,random_minus_comparison,-0.03030303030303,-0.20630916185264,0.148329326923077,independent_component_bootstrap
1,confirmatory,v060-whole_test,3,cluster30,whole_test,0,whole_test,Whole Test,3,kmer3-logistic,1,balanced_accuracy,66,66,60,60,0.419398130605027,0.291109318996416,0.540796034203155,2000,2026,reportable,cluster30,random_minus_comparison,-0.009733274388447,-0.170714206052568,0.158080802262254,independent_component_bootstrap
1,confirmatory,v060-whole_test,3,cluster30,whole_test,0,whole_test,Whole Test,3,kmer3-logistic,2,macro_f1,66,66,60,60,0.38857500226593,0.254360877684407,0.507990181565279,2000,2026,reportable,cluster30,random_minus_comparison,-0.030994363886897,-0.192660279030919,0.143551057367349,independent_component_bootstrap
1,confirmatory,v060-whole_test,3,cluster30,whole_test,0,whole_test,Whole Test,4,nearest-homolog,0,accuracy,66,66,60,60,0.53030303030303,0.399926470588235,0.65673686362707,2000,2026,reportable,cluster30,random_minus_comparison,0.045454545454546,-0.126305708180708,0.221928904428904,independent_component_bootstrap
1,confirmatory,v060-whole_test,3,cluster30,whole_test,0,whole_test,Whole Test,4,nearest-homolog,1,balanced_accuracy,66,66,60,60,0.31965811965812,0.242838345864662,0.405,2000,2026,reportable,cluster30,random_minus_comparison,0.046153846153846,-0.073669642857143,0.167176406926407,independent_component_bootstrap
1,confirmatory,v060-whole_test,3,cluster30,whole_test,0,whole_test,Whole Test,4,nearest-homolog,2,macro_f1,66,66,60,60,0.306747335061942,0.197536461388074,0.399673275383028,2000,2026,reportable,cluster30,random_minus_comparison,0.062324420056325,-0.079573502113239,0.198734089736153,independent_component_bootstrap
1,confirmatory,v060-whole_test,3,cluster30,whole_test,0,whole_test,Whole Test,5,esm2-35m,0,accuracy,66,66,60,60,0.742424242424242,0.630769230769231,0.848541383989145,2000,2026,reportable,cluster30,random_minus_comparison,0.075757575757576,-0.069298286325825,0.22416223501262,independent_component_bootstrap
1,confirmatory,v060-whole_test,3,cluster30,whole_test,0,whole_test,Whole Test,5,esm2-35m,1,balanced_accuracy,66,66,60,60,0.70956275525241,0.573473126836267,0.826799603174603,2000,2026,reportable,cluster30,random_minus_comparison,0.078844048671635,-0.090996961371961,0.261163131313131,independent_component_bootstrap
1,confirmatory,v060-whole_test,3,cluster30,whole_test,0,whole_test,Whole Test,5,esm2-35m,2,macro_f1,66,66,60,60,0.713123522157735,0.570979716626775,0.820175211489278,2000,2026,reportable,cluster30,random_minus_comparison,0.084148885284164,-0.081744165753368,0.261043566772733,independent_component_bootstrap
1,confirmatory,v060-whole_test,3,cluster30,whole_test,0,whole_test,Whole Test,6,esm2-150m,0,accuracy,66,66,60,60,0.818181818181818,0.714285714285714,0.907727272727272,2000,2026,reportable,cluster30,random_minus_comparison,-0.015151515151515,-0.153886946386946,0.117682072829131,independent_component_bootstrap
1,confirmatory,v060-whole_test,3,cluster30,whole_test,0,whole_test,Whole Test,6,esm2-150m,1,balanced_accuracy,66,66,60,60,0.791184581701823,0.636342894355668,0.902440559440559,2000,2026,reportable,cluster30,random_minus_comparison,-0.011813186813187,-0.181909946600736,0.180573412698413,independent_component_bootstrap
1,confirmatory,v060-whole_test,3,cluster30,whole_test,0,whole_test,Whole Test,6,esm2-150m,2,macro_f1,66,66,60,60,0.780019165560961,0.613971347341354,0.885665204293588,2000,2026,reportable,cluster30,random_minus_comparison,0.003631628089832,-0.157047893221607,0.181586292585315,independent_component_bootstrap
