interval_family,split,method,method_a,method_b,metric,point_estimate,lower,upper,group_count,seed,iterations,valid_iterations,confidence_level,domain,interval_method,resampling
cell,random,majority,,,macro_f1,0.12210526315789474,0.097674418604651175,0.14476190476190476,65,2026,2000,2000,0.94999999999999996,cell:random:macro_f1:majority,percentile,component
cell,random,majority,,,balanced_accuracy,0.20000000000000001,0.20000000000000001,0.20000000000000001,65,2026,2000,2000,0.94999999999999996,cell:random:balanced_accuracy:majority,percentile,component
cell,cluster70,majority,,,macro_f1,0.12210526315789474,0.0954491341991342,0.14509803921568626,64,2026,2000,2000,0.94999999999999996,cell:cluster70:macro_f1:majority,percentile,component
cell,cluster70,majority,,,balanced_accuracy,0.20000000000000001,0.20000000000000001,0.20000000000000001,64,2026,2000,2000,0.94999999999999996,cell:cluster70:balanced_accuracy:majority,percentile,component
cell,cluster50,majority,,,macro_f1,0.12210526315789474,0.094996134020618558,0.14477030812324926,59,2026,2000,2000,0.94999999999999996,cell:cluster50:macro_f1:majority,percentile,component
cell,cluster50,majority,,,balanced_accuracy,0.20000000000000001,0.20000000000000001,0.20000000000000001,59,2026,2000,2000,0.94999999999999996,cell:cluster50:balanced_accuracy:majority,percentile,component
cell,cluster30,majority,,,macro_f1,0.12210526315789474,0.094117647058823528,0.14445238095238089,60,2026,2000,2000,0.94999999999999996,cell:cluster30:macro_f1:majority,percentile,component
cell,cluster30,majority,,,balanced_accuracy,0.20000000000000001,0.20000000000000001,0.20000000000000001,60,2026,2000,2000,0.94999999999999996,cell:cluster30:balanced_accuracy:majority,percentile,component
cell,random,length_logistic,,,macro_f1,0.17068557919621749,0.074589452696764244,0.25178390627506053,65,2026,2000,2000,0.94999999999999996,cell:random:macro_f1:length_logistic,percentile,component
cell,random,length_logistic,,,balanced_accuracy,0.24703065134099617,0.16844870071684589,0.32641108891108889,65,2026,2000,2000,0.94999999999999996,cell:random:balanced_accuracy:length_logistic,percentile,component
cell,cluster70,length_logistic,,,macro_f1,0.14239316239316238,0.067054139935544113,0.22254030138288286,64,2026,2000,2000,0.94999999999999996,cell:cluster70:macro_f1:length_logistic,percentile,component
cell,cluster70,length_logistic,,,balanced_accuracy,0.22933244916003534,0.12402665893943784,0.34578786342123058,64,2026,2000,2000,0.94999999999999996,cell:cluster70:balanced_accuracy:length_logistic,percentile,component
cell,cluster50,length_logistic,,,macro_f1,0.14774321050618386,0.056666083916083916,0.23420777447631902,59,2026,2000,2000,0.94999999999999996,cell:cluster50:macro_f1:length_logistic,percentile,component
cell,cluster50,length_logistic,,,balanced_accuracy,0.23216917182434424,0.12458169934640523,0.34337499999999982,59,2026,2000,2000,0.94999999999999996,cell:cluster50:balanced_accuracy:length_logistic,percentile,component
cell,cluster30,length_logistic,,,macro_f1,0.18938217338217339,0.096177841538306663,0.27798433645207837,60,2026,2000,2000,0.94999999999999996,cell:cluster30:macro_f1:length_logistic,percentile,component
cell,cluster30,length_logistic,,,balanced_accuracy,0.27560207991242469,0.18118853695324283,0.40034615384615369,60,2026,2000,2000,0.94999999999999996,cell:cluster30:balanced_accuracy:length_logistic,percentile,component
cell,random,aac_logistic,,,macro_f1,0.23635563316235589,0.13824557103147916,0.33287996562261263,65,2026,2000,2000,0.94999999999999996,cell:random:macro_f1:aac_logistic,percentile,component
cell,random,aac_logistic,,,balanced_accuracy,0.26227843038187865,0.14836259978923022,0.38853002892637617,65,2026,2000,2000,0.94999999999999996,cell:random:balanced_accuracy:aac_logistic,percentile,component
cell,cluster70,aac_logistic,,,macro_f1,0.3426662148112834,0.22496609169983783,0.44710352561075589,64,2026,2000,2000,0.94999999999999996,cell:cluster70:macro_f1:aac_logistic,percentile,component
cell,cluster70,aac_logistic,,,balanced_accuracy,0.35983221759083828,0.22925694444444447,0.49132395382395372,64,2026,2000,2000,0.94999999999999996,cell:cluster70:balanced_accuracy:aac_logistic,percentile,component
cell,cluster50,aac_logistic,,,macro_f1,0.34902795160617439,0.21237893298998048,0.46440396445659582,59,2026,2000,2000,0.94999999999999996,cell:cluster50:macro_f1:aac_logistic,percentile,component
cell,cluster50,aac_logistic,,,balanced_accuracy,0.38010715338301548,0.23847509889535751,0.52954105007895325,59,2026,2000,2000,0.94999999999999996,cell:cluster50:balanced_accuracy:aac_logistic,percentile,component
cell,cluster30,aac_logistic,,,macro_f1,0.24571428571428572,0.14729558913891005,0.33652076037076034,60,2026,2000,2000,0.94999999999999996,cell:cluster30:macro_f1:aac_logistic,percentile,component
cell,cluster30,aac_logistic,,,balanced_accuracy,0.24398762157382844,0.13980429292929292,0.35466837606837609,60,2026,2000,2000,0.94999999999999996,cell:cluster30:balanced_accuracy:aac_logistic,percentile,component
cell,random,kmer3_logistic,,,macro_f1,0.35758063837903264,0.24319296548759517,0.46490597970477476,65,2026,2000,2000,0.94999999999999996,cell:random:macro_f1:kmer3_logistic,percentile,component
cell,random,kmer3_logistic,,,balanced_accuracy,0.40966485621658039,0.30824295137333935,0.51785780423280425,65,2026,2000,2000,0.94999999999999996,cell:random:balanced_accuracy:kmer3_logistic,percentile,component
cell,cluster70,kmer3_logistic,,,macro_f1,0.4176082251082251,0.25140166052852619,0.53789688260922375,64,2026,2000,2000,0.94999999999999996,cell:cluster70:macro_f1:kmer3_logistic,percentile,component
cell,cluster70,kmer3_logistic,,,balanced_accuracy,0.41354574544229716,0.272087317685695,0.54883136716224945,64,2026,2000,2000,0.94999999999999996,cell:cluster70:balanced_accuracy:kmer3_logistic,percentile,component
cell,cluster50,kmer3_logistic,,,macro_f1,0.389219339909877,0.23888351393188856,0.50990900057655097,59,2026,2000,2000,0.94999999999999996,cell:cluster50:macro_f1:kmer3_logistic,percentile,component
cell,cluster50,kmer3_logistic,,,balanced_accuracy,0.40291882447054855,0.25814998196248196,0.55666996891996889,59,2026,2000,2000,0.94999999999999996,cell:cluster50:balanced_accuracy:kmer3_logistic,percentile,component
cell,cluster30,kmer3_logistic,,,macro_f1,0.38857500226592956,0.25307353358200818,0.50119683561205053,60,2026,2000,2000,0.94999999999999996,cell:cluster30:macro_f1:kmer3_logistic,percentile,component
cell,cluster30,kmer3_logistic,,,balanced_accuracy,0.41939813060502712,0.28766815942678015,0.54413041293444953,60,2026,2000,2000,0.94999999999999996,cell:cluster30:balanced_accuracy:kmer3_logistic,percentile,component
cell,random,nearest_homolog,,,macro_f1,0.36907175511826679,0.25505667038275737,0.45485246803135754,65,2026,2000,2000,0.94999999999999996,cell:random:macro_f1:nearest_homolog,percentile,component
cell,random,nearest_homolog,,,balanced_accuracy,0.36581196581196579,0.27777777777777779,0.45911363636363628,65,2026,2000,2000,0.94999999999999996,cell:random:balanced_accuracy:nearest_homolog,percentile,component
cell,cluster70,nearest_homolog,,,macro_f1,0.46198412698412694,0.31458206686930096,0.57386571250864327,64,2026,2000,2000,0.94999999999999996,cell:cluster70:macro_f1:nearest_homolog,percentile,component
cell,cluster70,nearest_homolog,,,balanced_accuracy,0.43663003663003658,0.32000000000000001,0.54889225905673267,64,2026,2000,2000,0.94999999999999996,cell:cluster70:balanced_accuracy:nearest_homolog,percentile,component
cell,cluster50,nearest_homolog,,,macro_f1,0.54288264899455718,0.3409117201086721,0.6652456482114375,59,2026,2000,2000,0.94999999999999996,cell:cluster50:macro_f1:nearest_homolog,percentile,component
cell,cluster50,nearest_homolog,,,balanced_accuracy,0.48336385836385831,0.33634396853146853,0.62789121989121977,59,2026,2000,2000,0.94999999999999996,cell:cluster50:balanced_accuracy:nearest_homolog,percentile,component
cell,cluster30,nearest_homolog,,,macro_f1,0.30674733506194174,0.19186048454469506,0.39313041495668011,60,2026,2000,2000,0.94999999999999996,cell:cluster30:macro_f1:nearest_homolog,percentile,component
cell,cluster30,nearest_homolog,,,balanced_accuracy,0.31965811965811963,0.24000000000000005,0.40606060606060607,60,2026,2000,2000,0.94999999999999996,cell:cluster30:balanced_accuracy:nearest_homolog,percentile,component
cell,random,esm2_35m,,,macro_f1,0.79727240744189898,0.66514847496872576,0.89241974253816359,65,2026,2000,2000,0.94999999999999996,cell:random:macro_f1:esm2_35m,percentile,component
cell,random,esm2_35m,,,balanced_accuracy,0.78840680392404539,0.66158689208689203,0.89957236842105259,65,2026,2000,2000,0.94999999999999996,cell:random:balanced_accuracy:esm2_35m,percentile,component
cell,cluster70,esm2_35m,,,macro_f1,0.73484150258343806,0.57231247514740158,0.8500890646579855,64,2026,2000,2000,0.94999999999999996,cell:cluster70:macro_f1:esm2_35m,percentile,component
cell,cluster70,esm2_35m,,,balanced_accuracy,0.7230221885394299,0.5920535714285714,0.84816211685823739,64,2026,2000,2000,0.94999999999999996,cell:cluster70:balanced_accuracy:esm2_35m,percentile,component
cell,cluster50,esm2_35m,,,macro_f1,0.85995246583481877,0.68279885915077676,0.94659512256631317,59,2026,2000,2000,0.94999999999999996,cell:cluster50:macro_f1:esm2_35m,percentile,component
cell,cluster50,esm2_35m,,,balanced_accuracy,0.84365289882531269,0.69086609336609339,0.94444444444444442,59,2026,2000,2000,0.94999999999999996,cell:cluster50:balanced_accuracy:esm2_35m,percentile,component
cell,cluster30,esm2_35m,,,macro_f1,0.71312352215773456,0.56644621221347569,0.81975114314500519,60,2026,2000,2000,0.94999999999999996,cell:cluster30:macro_f1:esm2_35m,percentile,component
cell,cluster30,esm2_35m,,,balanced_accuracy,0.7095627552524103,0.56693468296409477,0.82903784300494809,60,2026,2000,2000,0.94999999999999996,cell:cluster30:balanced_accuracy:esm2_35m,percentile,component
cell,random,esm2_150m,,,macro_f1,0.7836507936507936,0.64069849694933467,0.87496686136320612,65,2026,2000,2000,0.94999999999999996,cell:random:macro_f1:esm2_150m,percentile,component
cell,random,esm2_150m,,,balanced_accuracy,0.77937139488863627,0.65402451533973271,0.88421253089016227,65,2026,2000,2000,0.94999999999999996,cell:random:balanced_accuracy:esm2_150m,percentile,component
cell,cluster70,esm2_150m,,,macro_f1,0.80706532935754949,0.66949078699078701,0.90842857142857136,64,2026,2000,2000,0.94999999999999996,cell:cluster70:macro_f1:esm2_150m,percentile,component
cell,cluster70,esm2_150m,,,balanced_accuracy,0.78931834449075833,0.66068785578747624,0.8983552271483306,64,2026,2000,2000,0.94999999999999996,cell:cluster70:balanced_accuracy:esm2_150m,percentile,component
cell,cluster50,esm2_150m,,,macro_f1,0.84385256619810389,0.712886760281771,0.93392755590144627,59,2026,2000,2000,0.94999999999999996,cell:cluster50:macro_f1:esm2_150m,percentile,component
cell,cluster50,esm2_150m,,,balanced_accuracy,0.84252557787040538,0.71680977982590888,0.94571726190476191,59,2026,2000,2000,0.94999999999999996,cell:cluster50:balanced_accuracy:esm2_150m,percentile,component
cell,cluster30,esm2_150m,,,macro_f1,0.7800191655609614,0.61606780089740676,0.88582654285948448,60,2026,2000,2000,0.94999999999999996,cell:cluster30:macro_f1:esm2_150m,percentile,component
cell,cluster30,esm2_150m,,,balanced_accuracy,0.79118458170182315,0.63448106060606058,0.902984126984127,60,2026,2000,2000,0.94999999999999996,cell:cluster30:balanced_accuracy:esm2_150m,percentile,component
method_comparison,random,,esm2_35m,aac_logistic,macro_f1,0.56091677427954312,0.41579007919003302,0.6929053445596548,65,2026,2000,2000,0.94999999999999996,paired:random:macro_f1:esm2_35m:aac_logistic,percentile,paired
method_comparison,random,,esm2_35m,aac_logistic,balanced_accuracy,0.52612837354216668,0.34829358237547897,0.68766423160173162,65,2026,2000,2000,0.94999999999999996,paired:random:balanced_accuracy:esm2_35m:aac_logistic,percentile,paired
method_comparison,random,,esm2_35m,kmer3_logistic,macro_f1,0.43969176906286633,0.29754456248489913,0.57670421008981676,65,2026,2000,2000,0.94999999999999996,paired:random:macro_f1:esm2_35m:kmer3_logistic,percentile,paired
method_comparison,random,,esm2_35m,kmer3_logistic,balanced_accuracy,0.378741947707465,0.23784199134199147,0.5240708094832135,65,2026,2000,2000,0.94999999999999996,paired:random:balanced_accuracy:esm2_35m:kmer3_logistic,percentile,paired
method_comparison,random,,esm2_150m,aac_logistic,macro_f1,0.54729516048843774,0.39236295637937268,0.68922353229120092,65,2026,2000,2000,0.94999999999999996,paired:random:macro_f1:esm2_150m:aac_logistic,percentile,paired
method_comparison,random,,esm2_150m,aac_logistic,balanced_accuracy,0.51709296450675768,0.32632887700534752,0.69088840081487135,65,2026,2000,2000,0.94999999999999996,paired:random:balanced_accuracy:esm2_150m:aac_logistic,percentile,paired
method_comparison,random,,esm2_150m,kmer3_logistic,macro_f1,0.42607015527176095,0.27715877679156897,0.57279165466397219,65,2026,2000,2000,0.94999999999999996,paired:random:macro_f1:esm2_150m:kmer3_logistic,percentile,paired
method_comparison,random,,esm2_150m,kmer3_logistic,balanced_accuracy,0.36970653867205588,0.22558449675324682,0.52036640211640217,65,2026,2000,2000,0.94999999999999996,paired:random:balanced_accuracy:esm2_150m:kmer3_logistic,percentile,paired
method_comparison,random,,esm2_150m,esm2_35m,macro_f1,-0.01362161379110538,-0.097417632448962357,0.06713420263710794,65,2026,2000,2000,0.94999999999999996,paired:random:macro_f1:esm2_150m:esm2_35m,percentile,paired
method_comparison,random,,esm2_150m,esm2_35m,balanced_accuracy,-0.0090354090354091143,-0.0829068356374809,0.068942404817404615,65,2026,2000,2000,0.94999999999999996,paired:random:balanced_accuracy:esm2_150m:esm2_35m,percentile,paired
method_comparison,cluster70,,esm2_35m,aac_logistic,macro_f1,0.39217528777215466,0.2366642248642514,0.53512954950106639,64,2026,2000,2000,0.94999999999999996,paired:cluster70:macro_f1:esm2_35m:aac_logistic,percentile,paired
method_comparison,cluster70,,esm2_35m,aac_logistic,balanced_accuracy,0.36318997094859162,0.20110069444444445,0.51912513091746948,64,2026,2000,2000,0.94999999999999996,paired:cluster70:balanced_accuracy:esm2_35m:aac_logistic,percentile,paired
method_comparison,cluster70,,esm2_35m,kmer3_logistic,macro_f1,0.31723327747521296,0.1601159396467253,0.4843638590513864,64,2026,2000,2000,0.94999999999999996,paired:cluster70:macro_f1:esm2_35m:kmer3_logistic,percentile,paired
method_comparison,cluster70,,esm2_35m,kmer3_logistic,balanced_accuracy,0.30947644309713274,0.15939100915292792,0.46876296655930283,64,2026,2000,2000,0.94999999999999996,paired:cluster70:balanced_accuracy:esm2_35m:kmer3_logistic,percentile,paired
method_comparison,cluster70,,esm2_150m,aac_logistic,macro_f1,0.46439911454626609,0.32423829346271793,0.60585895590651384,64,2026,2000,2000,0.94999999999999996,paired:cluster70:macro_f1:esm2_150m:aac_logistic,percentile,paired
method_comparison,cluster70,,esm2_150m,aac_logistic,balanced_accuracy,0.42948612689992005,0.26997402597402587,0.58660721288515405,64,2026,2000,2000,0.94999999999999996,paired:cluster70:balanced_accuracy:esm2_150m:aac_logistic,percentile,paired
method_comparison,cluster70,,esm2_150m,kmer3_logistic,macro_f1,0.38945710424932439,0.241197217039685,0.55309170023601995,64,2026,2000,2000,0.94999999999999996,paired:cluster70:macro_f1:esm2_150m:kmer3_logistic,percentile,paired
method_comparison,cluster70,,esm2_150m,kmer3_logistic,balanced_accuracy,0.37577259904846116,0.22982152330428191,0.52477304639804634,64,2026,2000,2000,0.94999999999999996,paired:cluster70:balanced_accuracy:esm2_150m:kmer3_logistic,percentile,paired
method_comparison,cluster70,,esm2_150m,esm2_35m,macro_f1,0.072223826774111433,-0.0091539424589260066,0.16626360172634169,64,2026,2000,2000,0.94999999999999996,paired:cluster70:macro_f1:esm2_150m:esm2_35m,percentile,paired
method_comparison,cluster70,,esm2_150m,esm2_35m,balanced_accuracy,0.066296155951328428,-0.020005275974025995,0.15586607142857117,64,2026,2000,2000,0.94999999999999996,paired:cluster70:balanced_accuracy:esm2_150m:esm2_35m,percentile,paired
method_comparison,cluster50,,esm2_35m,aac_logistic,macro_f1,0.51092451422864438,0.33040643105947332,0.66163186377882055,59,2026,2000,2000,0.94999999999999996,paired:cluster50:macro_f1:esm2_35m:aac_logistic,percentile,paired
method_comparison,cluster50,,esm2_35m,aac_logistic,balanced_accuracy,0.46354574544229721,0.26426511419614868,0.61952380952380959,59,2026,2000,2000,0.94999999999999996,paired:cluster50:balanced_accuracy:esm2_35m:aac_logistic,percentile,paired
method_comparison,cluster50,,esm2_35m,kmer3_logistic,macro_f1,0.47073312592494176,0.3253586706122229,0.6216159788695258,59,2026,2000,2000,0.94999999999999996,paired:cluster50:macro_f1:esm2_35m:kmer3_logistic,percentile,paired
method_comparison,cluster50,,esm2_35m,kmer3_logistic,balanced_accuracy,0.44073407435476414,0.27972794946988488,0.58619126984127001,59,2026,2000,2000,0.94999999999999996,paired:cluster50:balanced_accuracy:esm2_35m:kmer3_logistic,percentile,paired
method_comparison,cluster50,,esm2_150m,aac_logistic,macro_f1,0.4948246145919295,0.33791567149720436,0.63918828704111419,59,2026,2000,2000,0.94999999999999996,paired:cluster50:macro_f1:esm2_150m:aac_logistic,percentile,paired
method_comparison,cluster50,,esm2_150m,aac_logistic,balanced_accuracy,0.4624184244873899,0.27715963203463218,0.6371527883880822,59,2026,2000,2000,0.94999999999999996,paired:cluster50:balanced_accuracy:esm2_150m:aac_logistic,percentile,paired
method_comparison,cluster50,,esm2_150m,kmer3_logistic,macro_f1,0.45463322628822689,0.30539974143700849,0.61025888975554732,59,2026,2000,2000,0.94999999999999996,paired:cluster50:macro_f1:esm2_150m:kmer3_logistic,percentile,paired
method_comparison,cluster50,,esm2_150m,kmer3_logistic,balanced_accuracy,0.43960675339985683,0.27584704184704173,0.60178558696205742,59,2026,2000,2000,0.94999999999999996,paired:cluster50:balanced_accuracy:esm2_150m:kmer3_logistic,percentile,paired
method_comparison,cluster50,,esm2_150m,esm2_35m,macro_f1,-0.016099899636714876,-0.12413920150336746,0.12737531353922346,59,2026,2000,2000,0.94999999999999996,paired:cluster50:macro_f1:esm2_150m:esm2_35m,percentile,paired
method_comparison,cluster50,,esm2_150m,esm2_35m,balanced_accuracy,-0.0011273209549073071,-0.11001190476190485,0.13333333333333319,59,2026,2000,2000,0.94999999999999996,paired:cluster50:balanced_accuracy:esm2_150m:esm2_35m,percentile,paired
method_comparison,cluster30,,esm2_35m,aac_logistic,macro_f1,0.46740923644344884,0.28668580157796286,0.62287108660173673,60,2026,2000,2000,0.94999999999999996,paired:cluster30:macro_f1:esm2_35m:aac_logistic,percentile,paired
method_comparison,cluster30,,esm2_35m,aac_logistic,balanced_accuracy,0.46557513367858183,0.27116822854237033,0.6356290726817041,60,2026,2000,2000,0.94999999999999996,paired:cluster30:balanced_accuracy:esm2_35m:aac_logistic,percentile,paired
method_comparison,cluster30,,esm2_35m,kmer3_logistic,macro_f1,0.324548519891805,0.15168066204528366,0.48518168277118839,60,2026,2000,2000,0.94999999999999996,paired:cluster30:macro_f1:esm2_35m:kmer3_logistic,percentile,paired
method_comparison,cluster30,,esm2_35m,kmer3_logistic,balanced_accuracy,0.29016462464738318,0.13042877252252252,0.45009169996669995,60,2026,2000,2000,0.94999999999999996,paired:cluster30:balanced_accuracy:esm2_35m:kmer3_logistic,percentile,paired
method_comparison,cluster30,,esm2_150m,aac_logistic,macro_f1,0.53430487984667563,0.3330114973021206,0.68724395222633528,60,2026,2000,2000,0.94999999999999996,paired:cluster30:macro_f1:esm2_150m:aac_logistic,percentile,paired
method_comparison,cluster30,,esm2_150m,aac_logistic,balanced_accuracy,0.54719696012799468,0.33852904040404047,0.70868054177574302,60,2026,2000,2000,0.94999999999999996,paired:cluster30:balanced_accuracy:esm2_150m:aac_logistic,percentile,paired
method_comparison,cluster30,,esm2_150m,kmer3_logistic,macro_f1,0.39144416329503184,0.22056225297101664,0.54241914161772842,60,2026,2000,2000,0.94999999999999996,paired:cluster30:macro_f1:esm2_150m:kmer3_logistic,percentile,paired
method_comparison,cluster30,,esm2_150m,kmer3_logistic,balanced_accuracy,0.37178645109679603,0.20138631753641906,0.52246874999999982,60,2026,2000,2000,0.94999999999999996,paired:cluster30:balanced_accuracy:esm2_150m:kmer3_logistic,percentile,paired
method_comparison,cluster30,,esm2_150m,esm2_35m,macro_f1,0.066895643403226845,-0.041770219466336557,0.1662482863696729,60,2026,2000,2000,0.94999999999999996,paired:cluster30:macro_f1:esm2_150m:esm2_35m,percentile,paired
method_comparison,cluster30,,esm2_150m,esm2_35m,balanced_accuracy,0.081621826449412849,-0.0039660753190165236,0.17185669262143122,60,2026,2000,2000,0.94999999999999996,paired:cluster30:balanced_accuracy:esm2_150m:esm2_35m,percentile,paired
generalization_gap,cluster70,majority,,,macro_f1,0,-0.033030992408734756,0.033865231990231955,64,2026,2000,2000,0.94999999999999996,generalization:majority:random:cluster70:macro_f1,percentile,independent
generalization_gap,cluster50,majority,,,macro_f1,0,-0.036228869768855136,0.035992935226079145,59,2026,2000,2000,0.94999999999999996,generalization:majority:random:cluster50:macro_f1,percentile,independent
generalization_gap,cluster30,majority,,,macro_f1,0,-0.035839628036222468,0.037329441737602262,60,2026,2000,2000,0.94999999999999996,generalization:majority:random:cluster30:macro_f1,percentile,independent
generalization_gap,cluster70,length_logistic,,,macro_f1,0.028292416803055109,-0.094816262721305652,0.13479944643213093,64,2026,2000,2000,0.94999999999999996,generalization:length_logistic:random:cluster70:macro_f1,percentile,independent
generalization_gap,cluster50,length_logistic,,,macro_f1,0.022942368690033632,-0.10659479026720406,0.14832211469016307,59,2026,2000,2000,0.94999999999999996,generalization:length_logistic:random:cluster50:macro_f1,percentile,independent
generalization_gap,cluster30,length_logistic,,,macro_f1,-0.0186965941859559,-0.15170193948934238,0.11460236964836579,60,2026,2000,2000,0.94999999999999996,generalization:length_logistic:random:cluster30:macro_f1,percentile,independent
generalization_gap,cluster70,aac_logistic,,,macro_f1,-0.10631058164892751,-0.25823687894976799,0.048355146832815873,64,2026,2000,2000,0.94999999999999996,generalization:aac_logistic:random:cluster70:macro_f1,percentile,independent
generalization_gap,cluster50,aac_logistic,,,macro_f1,-0.1126723184438185,-0.25834769132582897,0.056915919623112564,59,2026,2000,2000,0.94999999999999996,generalization:aac_logistic:random:cluster50:macro_f1,percentile,independent
generalization_gap,cluster30,aac_logistic,,,macro_f1,-0.0093586525519298303,-0.13508103960882595,0.12164809521853456,60,2026,2000,2000,0.94999999999999996,generalization:aac_logistic:random:cluster30:macro_f1,percentile,independent
generalization_gap,cluster70,kmer3_logistic,,,macro_f1,-0.06002758672919245,-0.22078440996183726,0.12833601857578822,64,2026,2000,2000,0.94999999999999996,generalization:kmer3_logistic:random:cluster70:macro_f1,percentile,independent
generalization_gap,cluster50,kmer3_logistic,,,macro_f1,-0.03163870153084436,-0.19465250705902712,0.15779803548795607,59,2026,2000,2000,0.94999999999999996,generalization:kmer3_logistic:random:cluster50:macro_f1,percentile,independent
generalization_gap,cluster30,kmer3_logistic,,,macro_f1,-0.030994363886896914,-0.1885634120235396,0.13513939700923047,60,2026,2000,2000,0.94999999999999996,generalization:kmer3_logistic:random:cluster30:macro_f1,percentile,independent
generalization_gap,cluster70,nearest_homolog,,,macro_f1,-0.092912371865860155,-0.24516038101747842,0.080925022160275417,64,2026,2000,2000,0.94999999999999996,generalization:nearest_homolog:random:cluster70:macro_f1,percentile,independent
generalization_gap,cluster50,nearest_homolog,,,macro_f1,-0.1738108938762904,-0.34205487976076199,0.046417156089059497,59,2026,2000,2000,0.94999999999999996,generalization:nearest_homolog:random:cluster50:macro_f1,percentile,independent
generalization_gap,cluster30,nearest_homolog,,,macro_f1,0.062324420056325047,-0.08968545049384942,0.19356333283536034,60,2026,2000,2000,0.94999999999999996,generalization:nearest_homolog:random:cluster30:macro_f1,percentile,independent
generalization_gap,cluster70,esm2_35m,,,macro_f1,0.062430904858460923,-0.096085637423447876,0.2456065273241976,64,2026,2000,2000,0.94999999999999996,generalization:esm2_35m:random:cluster70:macro_f1,percentile,independent
generalization_gap,cluster50,esm2_35m,,,macro_f1,-0.062680058392919791,-0.22172595639723608,0.13155830787011807,59,2026,2000,2000,0.94999999999999996,generalization:esm2_35m:random:cluster50:macro_f1,percentile,independent
generalization_gap,cluster30,esm2_35m,,,macro_f1,0.084148885284164421,-0.091386893879540965,0.27133001069183826,60,2026,2000,2000,0.94999999999999996,generalization:esm2_35m:random:cluster30:macro_f1,percentile,independent
generalization_gap,cluster70,esm2_150m,,,macro_f1,-0.02341453570675589,-0.19532757101166692,0.12364257261732424,64,2026,2000,2000,0.94999999999999996,generalization:esm2_150m:random:cluster70:macro_f1,percentile,independent
generalization_gap,cluster50,esm2_150m,,,macro_f1,-0.060201772547310295,-0.21374129477625603,0.10997855500112733,59,2026,2000,2000,0.94999999999999996,generalization:esm2_150m:random:cluster50:macro_f1,percentile,independent
generalization_gap,cluster30,esm2_150m,,,macro_f1,0.0036316280898321951,-0.15755131429028493,0.19465153904259988,60,2026,2000,2000,0.94999999999999996,generalization:esm2_150m:random:cluster30:macro_f1,percentile,independent
